network_arc_id,short_code,name,description,subtype,entity_type_id,schematic_type_id,hydrologic_region_id,boundary_condition,from_node,to_node,length_m,has_tiers,is_main,has_gis_data,entity_version_id,source_ids,watershed_short_code,unimp_sv_variable,has_mif,has_eflows,channel_class
C_ABN000,East Side Canal/Natomas Cross Canal,,Canal,2,1,1,,ABN000,CRC002,7420.28975526427,,,1,1,1,"{1,3,4}",,,false,false,
C_ABN010,Auburn Ravine,,Stream,2,1,1,,ABN010,ABN006,6270.99051383392,,,1,1,1,"{1,3,4}",,,false,false,
C_ABN024,Auburn Ravine,,Stream,2,1,1,,ABN024,ABN014,15301.284302082,,,1,1,1,"{1,3,4}",,,false,false,
C_ABN027,Auburn Ravine,,Stream,2,1,1,,ABN027,ABN026,1685.94113250432,,,1,1,1,"{1,3,4}",,,false,false,
C_ALD001,Alder Creek,,Stream,2,1,1,,ALD001,SFA063,1435.22870456851,,,1,1,1,"{1,3,4}",,,false,false,
C_ALD004,Alder Creek,,Stream,2,1,1,,ALD004,ALD002,4469.78550440921,,,1,1,1,"{1,3,4}",,,false,false,
C_ALOHA,Pyramid Creek,,Stream,2,1,1,,ALOHA,PYR001,6035.73985119051,,,1,1,1,"{1,3,4}",,,false,false,
C_AMR004,American River below H Street,,Stream,2,1,1,SAC,AMR004,SAC063,6437.37601583722,,,1,1,1,"{1,3,4}",UPPER_AMERICAN,UNIMP_FOLS,true,true,stream
C_AMR007,American River,,Stream,2,1,1,,AMR007,AMR006,1222.80349061754,,,1,1,1,"{1,3,4}",,,false,false,
C_AMR015,American River,,Stream,2,1,1,,AMR015,AMR009,9656.1122833388,,,1,1,1,"{1,3,4}",,,false,false,
C_AMR020,American River,,Stream,2,1,1,,AMR020,AMR017,5511.65792080827,,,1,1,1,"{1,3,4}",,,false,false,
C_ANC000,,,,2,1,,,,,,,,0,1,1,"{1,3,4}",,,false,false,
C_ANG010,Angels Creek,,Stream,2,1,2,,,,,,,0,1,1,"{1,3,4}",,,false,false,
C_ANG014,Angels Creek,,Stream,2,1,2,,ANG014,STS072,23008.2953298029,,,1,1,1,"{1,3,4}",,,false,false,
C_ANG017,Angels  Creek,,Stream,2,1,2,,ANG017,ANG015,4568.73066044978,,,1,1,1,"{1,3,4}",,,false,false,
C_ANT011,Antelope Creek,,Stream,2,1,1,,ANT011,ANT010,2259.63860313049,,,1,1,1,"{1,3,4}",,,false,false,
C_ASL013,Ash Slough,,Stream,2,1,2,,ASL013,EBP022,20663.2532240635,,,1,1,1,"{1,3,4}",,,false,false,
C_BCC004,Big Chico Creek,,Stream,2,1,1,,BCC004,SAC196,6437.37603144149,,,1,1,1,"{1,3,4}",,,false,false,
C_BCC012,Big Chico Creek,,Stream,2,1,1,,BCC012,BCC006,9656.0640280873,,,1,1,1,"{1,3,4}",,,false,false,
C_BCK006,Bear Creek,,Stream,2,1,2,,BCK006,EBP048,9656.08334951595,,,1,1,1,"{1,3,4}",,,false,false,
C_BCK017,Bear Creek,,Stream,2,1,2,,BCK017,BCK010,11265.4304687753,,,1,1,1,"{1,3,4}",,,false,false,
C_BCK031,Bear Creek,,Stream,2,1,2,,BCK031,BCK024,11265.4304733647,,,1,1,1,"{1,3,4}",,,false,false,
C_BCK035,Bear Creek,,Stream,2,1,2,,BCK035,BCK033,2592.41776276704,,,1,1,1,"{1,3,4}",,,false,false,
C_BCM003,Bear Creek (Mokelumne),,Stream,2,1,2,,BCM003,MFM008,4305.86073459881,,,1,1,1,"{1,3,4}",,,false,false,
C_BCN010,Bear Creek (North),,Stream,2,1,1,,BCN010,BCN005,8046.70391393193,,,1,1,1,"{1,3,4}",,,false,false,
C_BEC000,Bear River Canal,,Canal,2,1,1,,BEC000,BEC021,34240.4166642802,,,1,1,1,"{1,3,4}",,,false,false,
C_BEC022,Halsey PH Penstock,,Canal,2,1,1,,BEC022,BEC024,2064.26734890472,,,1,1,1,"{1,3,4}",,,false,false,
C_BGC002,Big Grizzly Creek,,Stream,2,1,1,,BGC002,MFF088,2522.20247517771,,,1,1,1,"{1,3,4}",,,false,false,
C_BLKBT,Stony Creek,,Stream,2,1,1,,BLKBT,STN026,596.803692112069,,,1,1,1,"{1,3,4}",,,false,false,
C_BLUMD,,,Stream,2,1,2,,BLUMD,SLTSP,6694.50688200438,,,1,1,1,"{1,3,4}",,,false,false,
C_BOWMN_PWR,Canyon Creek Power,,Stream,2,1,1,,,,,,,0,1,1,"{1,3,4}",,,false,false,
C_BRC002,Bear Creek,,Stream,2,1,1,,BRC002,CCH058,2613.51391164739,,,1,1,1,"{1,3,4}",,,false,false,
C_BRR004,Bear River,,Stream,2,1,1,,BRR004,FTR012,6439.2582590619,,,1,1,1,"{1,3,4}",,,false,false,
C_BRR017,Bear River,,Stream,2,1,1,,BRR017,BRR011,8660.30974841533,,,1,1,1,"{1,3,4}",,,false,false,
C_BRR028,Bear River,,Stream,2,1,1,,BRR028,BRR023,7698.39776671299,,,1,1,1,"{1,3,4}",,,false,false,
C_BRR049,Bear River,,Stream,2,1,1,,BRR049,CMBIE,20288.111475987,,,1,1,1,"{1,3,4}",,,false,false,
C_BRR050_PGE,Bear River PGE,,,2,1,1,,,,,,,0,1,1,"{1,3,4}",,,false,false,
C_BRR060,Bear River,,Stream,2,1,1,,BRR060,RLLNS,16747.8591780965,,,1,1,1,"{1,3,4}",,,false,false,
C_BRR066,Bear River,,Stream,2,1,1,,BRR066,BRR061,8054.78382034604,,,1,1,1,"{1,3,4}",,,false,false,
C_BRR072,Bear River,,Stream,2,1,1,,BRR072,BRR067,8437.15964876272,,,1,1,1,"{1,3,4}",,,false,false,
C_BRR074,Bear River,,Stream,2,1,1,,BRR074,BRR073,1564.29360574516,,,1,1,1,"{1,3,4}",,,false,false,
C_BRT003,Bear River Tunnel,,,2,1,1,,,,,,,0,1,1,"{1,3,4}",,,false,false,
C_BRV002,Bear River (Mokelumne),,Stream,2,1,2,,BRV002,NFM024,2427.22033761959,,,1,1,1,"{1,3,4}",,,false,false,
C_BRV005,Bear River (Mokelumne),,Stream,2,1,2,,BRV005,BRV003,6162.24558248032,,,1,1,1,"{1,3,4}",,,false,false,
C_BSC000,Bowman-Spaulding Conduit,,Canal,2,1,1,,BSC000,BSC005,7616.93894606172,,,1,1,1,"{1,3,4}",,,false,false,
C_BSC009,Bowman-Spaulding Conduit,,Canal,2,1,1,,BSC009,BSC010,219.557003071551,,,1,1,1,"{1,3,4}",,,false,false,
C_BSC011,Bowman-Spaulding Conduit,,Canal,2,1,1,,BSC011,SPLDG,673.504205786377,,,1,1,1,"{1,3,4}",,,false,false,
C_BSH003,Brush Creek,,Stream,2,1,1,,BSH003,BSH002,107.430613784173,,,1,1,1,"{1,3,4}",,,false,false,
C_BSL001B,Butte Slough,,Stream,2,1,1,,BSL001,BSL004,4942.52875777672,,,1,1,1,"{1,3,4}",,,false,false,
C_BTC003,Butte Creek,,Stream,2,1,1,,BTC003,BSL001,5452.40455501291,,,1,1,1,"{1,3,4}",,,false,false,
C_BTC012,Butte Creek,,Stream,2,1,1,,BTC012,BTC007,8125.69499578106,,,1,1,1,"{1,3,4}",,,false,false,
C_BTC016,Butte Creek,,Stream,2,1,1,,BTC016,BTC015,1820.68586298208,,,1,1,1,"{1,3,4}",,,false,false,
C_BTC018,Butte Creek,,Stream,2,1,1,,BTC018,BTC017,2049.3266582552,,,1,1,1,"{1,3,4}",,,false,false,
C_BTC029,Butte Creek,,Stream,2,1,1,,BTC029,BTC024,8046.81793909944,,,1,1,1,"{1,3,4}",,,false,false,
C_BTC036,Butte Creek,,Stream,2,1,1,,BTC036,BTC032,7286.49313840663,,,1,1,1,"{1,3,4}",,,false,false,
C_BTC043,Butte Creek,,Stream,2,1,1,,BTC043,BTC041,3083.98477401356,,,1,1,1,"{1,3,4}",,,false,false,
C_BTC048,Butte Creek,,Stream,2,1,1,,BTC048,BTC045,4898.24213025656,,,1,1,1,"{1,3,4}",,,false,false,
C_BTL006,Battle Creek,,Stream,2,1,1,,BTL006,SAC269,9267.31746488793,,,1,1,1,"{1,3,4}",,,false,false,
C_BTT007,Butt Creek,,Stream,2,1,1,,BTT007,BTVLY,7868.52750405435,,,1,1,1,"{1,3,4}",,,false,false,
C_BUCKS,Bucks Creek,,Stream,2,1,1,,BUCKS,LBUCK,2096.79250156334,,,1,1,1,"{1,3,4}",,,false,false,
C_BUR005,Burns Creek,,Stream,2,1,2,,BUR005,BCK033,7378.28926928464,,,1,1,1,"{1,3,4}",,,false,false,
C_BVT000,Butt Valley Tunnel,,,2,1,1,,,,,,,0,1,1,"{1,3,4}",,,false,false,
C_BVT003,Butt Valley Tunnel,,Stream,2,1,1,,BVT003,BTT007,344.370332791627,,,1,1,1,"{1,3,4}",,,false,false,
C_CAA002,California Aqueduct,,Canal,2,1,2,,CAA002,CAA003,2031.06995355134,,,1,1,1,"{1,3,4}",,,false,false,
C_CAA003_DELTA,"California Aqueduct, Delta",,Canal,2,1,2,,,,,,,0,1,1,"{1,3,4}",,,false,false,
C_CAA003_SWP,"California Aqueduct, Banks export for SWP",,Canal,8,1,2,DELTA,,,,,,,,1,"{1,3,4}",,,false,false,
C_CAA003_CVP,"California Aqueduct, Banks export for CVP",,Canal,8,1,2,DELTA,,,,,,,,1,"{1,3,4}",,,false,false,
C_CAA005,California Aqueduct,,Canal,2,1,2,,CAA005,CAA006,2232.08611450962,,,1,1,1,"{1,3,4}",,,false,false,
C_CAA009,California Aqueduct,,Canal,2,1,2,,CAA009,CAA012,4910.81421044717,,,1,1,1,"{1,3,4}",,,false,false,
C_CAA024,California Aqueduct,,Canal,2,1,2,,CAA024,CAA046,35470.6385194384,,,1,1,1,"{1,3,4}",,,false,false,
C_CAA051,California Aqueduct,,Canal,2,1,2,,CAA051,CAA066,23528.7699784932,,,1,1,1,"{1,3,4}",,,false,false,
C_CAA067,California Aqueduct,,Canal,2,1,2,,CAA067,CAA069,3546.23386943811,,,1,1,1,"{1,3,4}",,,false,false,
C_CAA069_CVP,California Aqueduct 69 CVP,,,2,1,2,,,,,,,0,1,1,"{1,3,4}",,,false,false,
C_CAA069_SWP,California Aqueduct 69 SWP,,,2,1,2,,,,,,,0,1,1,"{1,3,4}",,,false,false,
C_CAA071,California Aqueduct,,Canal,2,1,2,,CAA071,CAA087,25525.3816623905,,,1,1,1,"{1,3,4}",,,false,false,
C_CAA087_CVP,California Aqueduct 87 CVP,,,2,1,2,,,,,,,0,1,1,"{1,3,4}",,,false,false,
C_CAA087_SWP,California Aqueduct 87 SWP,,,2,1,2,,,,,,,0,1,1,"{1,3,4}",,,false,false,
C_CAA095,California Aqueduct,,Canal,2,1,2,,CAA095,CAA109,21653.9325325102,,,1,1,1,"{1,3,4}",,,false,false,
C_CAA143,California Aqueduct,,Canal,2,1,2,,CAA143,CAA155,20135.1479540139,,,1,1,1,"{1,3,4}",,,false,false,
C_CAA156,California Aqueduct,,Canal,2,1,2,,CAA156,CAA165,13104.761800835,,,1,1,1,"{1,3,4}",,,false,false,
C_CAA172,California Aqueduct,,Canal,2,1,2,,CAA172,,1768.36935909101,,,1,1,1,"{1,3,4}",,,false,false,
C_CBC000,Combie Ophir Canal,,Canal,2,1,1,,CBC000,CBC001,1242.02426785417,,,1,1,1,"{1,3,4}",,,false,false,
C_CBD001,Colusa Basin Drainage Canal,,Canal,2,1,1,,CBD001,CBD000,619.077621773001,,,1,1,1,"{1,3,4}",,,false,false,
C_CBD012,Colusa Basin Drainage Canal,,Canal,2,1,1,,CBD012,CBD005,11210.1018032915,,,1,1,1,"{1,3,4}",,,false,false,
C_CBD023,Colusa Basin Drainage Canal,,Canal,2,1,1,,CBD023,CBD018,8046.72004050017,,,1,1,1,"{1,3,4}",,,false,false,
C_CBD031,Colusa Basin Drainage Canal,,Canal,2,1,1,,CBD031,CBD028,5607.8451790205,,,1,1,1,"{1,3,4}",,,false,false,
C_CBD038,Colusa Basin Drainage Canal,,Canal,2,1,1,,CBD038,CBD037,850.966415122549,,,1,1,1,"{1,3,4}",,,false,false,
C_CBD044,Colusa Basin Drainage Canal,,Canal,2,1,1,,CBD044,CBD041,4828.03195479992,,,1,1,1,"{1,3,4}",,,false,false,
C_CBD050,Colusa Basin Drainage Canal,,Canal,2,1,2,,,,,,,0,1,1,"{1,3,4}",,,false,false,
C_CBD052,Colusa Basin Drainage Canal,,Canal,2,1,3,,,,,,,0,1,1,"{1,3,4}",,,false,false,
C_CBD055,Colusa Basin Drainage Canal,,Canal,2,1,4,,,,,,,0,1,1,"{1,3,4}",,,false,false,
C_CCH003,Cache Creek,,Stream,2,1,1,,CCH003,YBP032,4828.03198925103,,,1,1,1,"{1,3,4}",,,false,false,
C_CCH012,Cache Creek,,Stream,2,1,1,,CCH012,CCH006,10342.6264774848,,,1,1,1,"{1,3,4}",,,false,false,
C_CCH023,Cache Creek,,Stream,2,1,1,,CCH023,CCH017,9656.06387736875,,,1,1,1,"{1,3,4}",,,false,false,
C_CCH032,Cache Creek,,Stream,2,1,1,,CCH032,CCH030,2871.31625672371,,,1,1,1,"{1,3,4}",,,false,false,
C_CCH053,Cache Creek,,Stream,2,1,1,,CCH053,CCH052,2052.34428458469,,,1,1,1,"{1,3,4}",,,false,false,
C_CCH075,Cache Creek,,Stream,2,1,1,,CCH075,CCH058,26673.3066693299,,,1,1,1,"{1,3,4}",,,false,false,
C_CCK007,East Canal,,Canal,2,1,1,,CCK007,ABN000,4531.08550000004,,,1,1,1,"{1,3,4}",,,false,false,
C_CCK036,Coon Creek,,Stream,2,1,1,,CCK036,CCK022,23637.3194142117,,,1,1,1,"{1,3,4}",,,false,false,
C_CCS009,Canyon Creek (South),,Stream,2,1,1,,CCS009,SFY033,15216.837349488,,,1,1,1,"{1,3,4}",,,false,false,
C_CCT011,Clear Creek Tunnel Outfall,,Canal,2,1,1,,CCT011,CLR025,126.974539596145,,,1,1,1,"{1,3,4}",,,false,false,
C_CGT005,Colgate Tunnel/Penstock,,Canal,2,1,1,,CGT005,CGT006,657.191113409584,,,1,1,1,"{1,3,4}",,,false,false,
C_CHCGO,Port Chicago,,Stream,2,1,1,,CHCGO,N/A,1990.57849999983,,,1,1,1,"{1,3,4}",,,false,false,
C_CHW006,Chowchilla River,,Stream,2,1,2,,CHW006,EBP030,9656.08334502,,,1,1,1,"{1,3,4}",,,false,false,
C_CHW017,Chowchilla River,,Stream,2,1,2,SJR,CHW017,CHW011,9273.4609616606,,,1,1,1,"{1,3,4}",,,false,false,canal
C_CHW024,Chowchilla River,,Stream,2,1,2,,CHW024,CHW021,4828.04160826174,,,1,1,1,"{1,3,4}",,,false,false,
C_CHW031,Chowchilla River,,Stream,2,1,2,,CHW031,CHW028,5941.77327980239,,,1,1,1,"{1,3,4}",,,false,false,
C_CHY000,Cherry Creek,,Stream,2,1,2,,CHY000,TUO103,1161.01032946118,,,1,1,1,"{1,3,4}",,,false,false,
C_CHY006,Cherry Creek ,,Stream,2,1,2,,CHY006,CHY001,3050.12976562506,,,1,1,1,"{1,3,4}",,,false,false,
C_CHY011,Cherry Creek from CHY011 to Eleanor Creek inflow.,,Stream,2,1,2,,CHY011,CHY007,6204.39919308815,,,1,1,1,"{1,3,4}",,,false,false,
C_CLR011,Clear Creek,,Stream,2,1,1,,CLR011,CLR009,2587.44426525652,,,1,1,1,"{1,3,4}",,,false,false,
C_CLRLK,Cache Creek/Lower Lake,,Stream,2,1,1,,CLRLK,CCH083,4976.08996319618,,,1,1,1,"{1,3,4}",,,false,false,
C_CLV006,Calaveras River,,Stream,2,1,2,,CLV006,CLV004,2782.33855899436,,,1,1,1,"{1,3,4}",,,false,false,
C_CLV010,Calaveras River,,Stream,2,1,2,,CLV010,CLV009,1609.34716308768,,,1,1,1,"{1,3,4}",,,false,false,
C_CLV023,Calaveras River,,Stream,2,1,2,,CLV023,CLV016,11265.4304987409,,,1,1,1,"{1,3,4}",,,false,false,
C_CLV028,Calaveras River,,Stream,2,1,2,,CLV028,CLV026,2988.44525954439,,,1,1,1,"{1,3,4}",,,false,false,
C_CLV037,Calaveras River,,Stream,2,1,2,,CLV037,CLV035,3385.2579671939,,,1,1,1,"{1,3,4}",,,false,false,
C_CLV044,Calaveras River,,Stream,2,1,2,,CLV044,CLV043,697.18298454936,,,1,1,1,"{1,3,4}",,,false,false,
C_CMCHE,Mokelumne River,,Stream,2,1,2,,CMCHE,MOK057,1965.97928795925,,,1,1,1,"{1,3,4}",,,false,false,
C_CMN006,Camino Tunnel,,Stream,2,1,1,,CMN006,SFA045,42.7599097968202,,,1,1,1,"{1,3,4}",,,false,false,
C_CMP005,Camp Creek,,Stream,2,1,2,,CMP005,CMP001,8192.18985837218,,,1,1,1,"{1,3,4}",,,false,false,
C_CMPFW,Bear River,,Stream,2,1,1,,CMPFW,BRR017,1800.38268022869,,,1,1,1,"{1,3,4}",,,false,false,
C_COL001,Cole Creek,,Stream,2,1,2,,COL001,NFM026,750.189984501815,,,1,1,1,"{1,3,4}",,,false,false,
C_COL003,Cole Creek,,Stream,2,1,2,,COL003,COL002,549.482507520619,,,1,1,1,"{1,3,4}",,,false,false,
C_COW003,Cow Creek,,Stream,2,1,1,,COW003,SAC277,4828.03199576576,,,1,1,1,"{1,3,4}",,,false,false,
C_COW014,Cow Creek,,Stream,2,1,1,,COW014,COW007,10524.3072002585,,,1,1,1,"{1,3,4}",,,false,false,
C_CPF001,Chicago Park Flume,,,2,1,1,,,,,,,0,1,1,"{1,3,4}",,,false,false,
C_CRB002,Caribou PH No1 and No2 Tailwater,,Stream,2,1,1,,CRB002,NFF059,1630.59684560473,,,1,1,1,"{1,3,4}",,,false,false,
C_CRK005,Cherokee Canal,,Canal,2,1,1,,CRK005,BTC003,15516.4733000007,,,1,1,1,"{1,3,4}",,,false,false,
C_CSL004A,Cache Slough,,Stream,2,1,1,,CSL004,SAC017,6780.49327291705,,,1,1,1,"{1,3,4}",,,false,false,
C_CSL005,Cache Slough,,Stream,2,1,1,,CSL005,CSL004,1122.83680910224,,,1,1,1,"{1,3,4}",,,false,false,
C_CSM005,Cosumnes River,,Stream,2,1,2,,CSM005,CSM001,6460.04102529268,,,1,1,1,"{1,3,4}",,,false,false,
C_CSM016,Cosumnes River,,Stream,2,1,2,,CSM016,CSM011,8131.28090396253,,,1,1,1,"{1,3,4}",,,false,false,
C_CSM026,Cosumnes River,,Stream,2,1,2,,CSM026,CSM021,8046.71999861532,,,1,1,1,"{1,3,4}",,,false,false,
C_CSM035,Cosumnes River,,Stream,2,1,2,,CSM035,CSM033,3344.50155152495,,,1,1,1,"{1,3,4}",,,false,false,
C_CSTIC,,,,2,1,,,,,,,,0,1,1,"{1,3,4}",,,false,false,
C_CVT000,Collerville Tunnel,,Canal,2,1,2,,CVT000,CVT005,7368.29866865985,,,1,1,1,"{1,3,4}",,,false,false,
C_CVT009,Collerville Tunnel,,Canal,2,1,2,,CVT009,STN091,437.878368775417,,,1,1,1,"{1,3,4}",,,false,false,
C_CWD004,Cottonwood Creek,,Stream,2,1,1,,CWD004,CWD003,2061.08218360958,,,1,1,1,"{1,3,4}",,,false,false,
C_CWD013,Cottonwood Creek,,Stream,2,1,1,,,,,,,0,1,1,"{1,3,4}",,,false,false,
C_CWD018,Cottonwood Creek,,Stream,2,1,1,,CWD018,CWD009,15281.3090210561,,,1,1,1,"{1,3,4}",,,false,false,
C_CYN010,Canyon Creek,,Stream,2,1,1,,CYN010,CYN009,787.207915553404,,,1,1,1,"{1,3,4}",,,false,false,
C_DBC014,Dry Creek/Berenda Creek (Conceptual Combination),,Stream,2,1,2,,DBC014,FRS022,22696.6125388021,,,1,1,1,"{1,3,4}",,,false,false,
C_DCC008,Duncan Canyon Creek,,Stream,2,1,1,,DCC008,MFA040,14286.9095058298,,,1,1,1,"{1,3,4}",,,false,false,
C_DCC010,Duncan Canyon Creek,,Stream,2,1,1,,DCC010,DCC009,361.625168038999,,,1,1,1,"{1,3,4}",,,false,false,
C_DCM019,Dry Creek (Merced),,Stream,2,1,2,,DCM019,MCD032,30498.3511300413,,,1,1,1,"{1,3,4}",,,false,false,
C_DCT050,Dry Creek (Tuolumne),,Stream,2,1,2,,DCT050,TUO017,80918.9862580653,,,1,1,1,"{1,3,4}",,,false,false,
C_DED010,Deadman Creek,,Stream,2,1,2,,DED010,DED003,11237.5755536766,,,1,1,1,"{1,3,4}",,,false,false,
C_DED019,Deadman Creek,,Stream,2,1,2,,DED019,DED012,10575.013598593,,,1,1,1,"{1,3,4}",,,false,false,
C_DED032,Deadman Creek,,Stream,2,1,2,,DED032,DED025,11265.4305152653,,,1,1,1,"{1,3,4}",,,false,false,
C_DED038,Deadman Creek,,Stream,2,1,2,,DED038,DED035,4828.04163007137,,,1,1,1,"{1,3,4}",,,false,false,
C_DEE020,Deer Creek (South),,Stream,2,1,2,,DEE020,CSM011,32580.0574424773,,,1,1,1,"{1,3,4}",,,false,false,
C_DELVE,,,,2,1,,,,,,,,0,1,1,"{1,3,4}",,,false,false,
C_DER001,Deer Creek,,Stream,2,1,1,,DER001,YUB023,1609.36348720266,,,1,1,1,"{1,3,4}",,,false,false,
C_DER004,Deer Creek,,Stream,2,1,1,,DER004,DER002,3012.30769270468,,,1,1,1,"{1,3,4}",,,false,false,
C_DER018,Deer Creek,,Stream,2,1,1,,DER018,DER011,11239.9825031415,,,1,1,1,"{1,3,4}",,,false,false,
C_DER027,South Fork Deer Creek,,Stream,2,1,1,,DER027,SCOTF,5067.28561015332,,,1,1,1,"{1,3,4}",,,false,false,
C_DHC021,Best Slough,,Stream,2,1,1,,DHC021,DHC001,32574.9114582662,,,1,1,1,"{1,3,4}",,,false,false,
C_DMC000_CVP_DELTA,Delta-Mendota Canal CVP Export from Delta,,,2,1,2,,,,,,,0,1,1,"{1,3,4}",,,false,false,
C_DMC003,Delta-Mendota Canal,,Canal,2,1,2,SJR,DMC003,DMC007,7053.78876166083,,,1,1,1,"{1,3,4}",,,false,false,canal
C_DMC011,Delta-Mendota Canal,,Canal,2,1,2,,DMC011,DMC016,7778.09526479445,,,1,1,1,"{1,3,4}",,,false,false,
C_DMC021,Delta-Mendota Canal,,Canal,2,1,2,,DMC021,DMC024,6186.51379422094,,,1,1,1,"{1,3,4}",,,false,false,
C_DMC030,Delta-Mendota Canal,,Canal,2,1,2,,DMC030,DMC034,7225.40886736255,,,1,1,1,"{1,3,4}",,,false,false,
C_DMC039,Delta-Mendota Canal,,Canal,2,1,2,,DMC039,DMC044,9011.8947125815,,,1,1,1,"{1,3,4}",,,false,false,
C_DMC049,Delta-Mendota Canal,,Canal,2,1,2,,DMC049,DMC054,9259.08457590793,,,1,1,1,"{1,3,4}",,,false,false,
C_DMC058,Delta-Mendota Canal,,Canal,2,1,2,,DMC058,DMC064,9257.25709280538,,,1,1,1,"{1,3,4}",,,false,false,
C_DMC070,Delta-Mendota Canal,,Canal,2,1,2,,DMC070,DMC074,7117.5872848893,,,1,1,1,"{1,3,4}",,,false,false,
C_DMC076,Delta-Mendota Canal,,Canal,2,1,2,,DMC076,DMC080,5778.58921741022,,,1,1,1,"{1,3,4}",,,false,false,
C_DMC085,Delta-Mendota Canal,,Canal,2,1,2,,DMC085,DMC091,8805.32307355331,,,1,1,1,"{1,3,4}",,,false,false,
C_DMC097,Delta-Mendota Canal,,Canal,2,1,2,,DMC097,DMC105,13271.858190471,,,1,1,1,"{1,3,4}",,,false,false,
C_DMC111,Delta-Mendota Canal,,Canal,2,1,2,,DMC111,DMC116,7034.39427967546,,,1,1,1,"{1,3,4}",,,false,false,
C_DONLL,Middle Fork Stanislaus River,,Stream,2,1,2,,DONLL,MFS021,12740.322667123,,,1,1,1,"{1,3,4}",,,false,false,
C_DPH008,Donnell Tunnel,,Canal,2,1,2,,DPH008,MFS021,75.8365028132421,,,1,1,1,"{1,3,4}",,,false,false,
C_DRC010,Deer Creek,,Stream,2,1,1,,DRC010,DRC005,8341.18557875926,,,1,1,1,"{1,3,4}",,,false,false,
C_DRM000,Drum Canal,,Canal,2,1,1,,DRM000,DRM001,1253.07913072722,,,1,1,1,"{1,3,4}",,,false,false,
C_DRM001_PGE,Drum Canal PGE,,Canal,2,1,1,,,,,,,0,1,1,"{1,3,4}",,,false,false,
C_DRM002,Drum Canal,,Canal,2,1,1,,DRM002,DRM008,9327.52097918372,,,1,1,1,"{1,3,4}",,,false,false,
C_DRM008_PGE,Drum Canal PGE,,Canal,2,1,1,,,,,,,0,1,1,"{1,3,4}",,,false,false,
C_DRM009,Drum Canal,,Canal,2,1,1,,DRM009,DRM011,1912.64715495188,,,1,1,1,"{1,3,4}",,,false,false,
C_DSC008,Dry Creek/Sutter Creek,,Stream,2,1,2,,DSC008,CSM001,12020.7292416828,,,1,1,1,"{1,3,4}",,,false,false,
C_DSC016,Dry Creek/Sutter Creek,,Stream,2,1,2,,DSC016,DSC012,6437.45424884748,,,1,1,1,"{1,3,4}",,,false,false,
C_DSC026,Dry Creek/Sutter Creek,,Stream,2,1,2,,DSC026,DSC023,5709.4297941907,,,1,1,1,"{1,3,4}",,,false,false,
C_DSC035,Dry Creek/Sutter Creek,,Stream,2,1,2,,DSC035,DSC028,11265.5450089878,,,1,1,1,"{1,3,4}",,,false,false,
C_EBF018,East Branch North Fork Feather River,,Stream,2,1,1,,EBF018,EBF001,28643.4189471588,,,1,1,1,"{1,3,4}",,,false,false,
C_EBP005,Eastside Bypass,,Bypass,2,1,2,,EBP005,EBP016,18178.1619084111,,,1,1,1,"{1,3,4}",,,false,false,
C_EBP019,Eastside Bypass,,Bypass,2,1,2,,EBP019,EBP022,4932.44706961674,,,1,1,1,"{1,3,4}",,,false,false,
C_EBP030,Eastside Bypass,,Bypass,2,1,2,,EBP030,EBP032,3435.89522261477,,,1,1,1,"{1,3,4}",,,false,false,
C_EBP033,Eastside Bypass,,Bypass,2,1,2,,EBP033,EBP041,13388.5512931152,,,1,1,1,"{1,3,4}",,,false,false,
C_EBP042,Eastside Bypass,,Bypass,2,1,2,,EBP042,EBP043,2013.56359814413,,,1,1,1,"{1,3,4}",,,false,false,
C_EBP048,Eastside Bypass,,Bypass,2,1,2,,EBP048,EBP050,3032.6394416796,,,1,1,1,"{1,3,4}",,,false,false,
C_ECHOL,Echo Lake Conduit,,Canal,2,1,1,,ECHOL,ELC001,842.828871259935,,,1,1,1,"{1,3,4}",,,false,false,
C_EDC000,El Dorado Canal,,Canal,2,1,1,,EDC000,EDC004,5831.13691450094,,,1,1,1,"{1,3,4}",,,false,false,
C_EDC007,El Dorado Canal,,Canal,2,1,1,,EDC007,EDC021,23137.9917528957,,,1,1,1,"{1,3,4}",,,false,false,
C_ELC001,Echo Lake Conduit,,Canal,2,1,1,,ELC001,SFA085,1028.92701796765,,,1,1,1,"{1,3,4}",,,false,false,
C_ELD012,Elder Creek,,Stream,2,1,1,,ELD012,ELD005,11265.4079514507,,,1,1,1,"{1,3,4}",,,false,false,
C_ELD022,Elder Creek,,Stream,2,1,1,,ELD022,ELD017,8046.71998045059,,,1,1,1,"{1,3,4}",,,false,false,
C_ELENR,Eleanor Creek below Lake Eleanor dam.,,Stream,2,1,2,,ELENR,ELN003,717.098216559447,,,1,1,1,"{1,3,4}",,,false,false,
C_ELT010,Eltectra Tunnel,,,2,1,2,,,,,,,0,1,1,"{1,3,4}",,,false,false,
C_EMD001,Natomas East Main Drainage Canal,,Canal,2,1,1,,EMD001,SAC064,1997.85020336283,,,1,1,1,"{1,3,4}",,,false,false,
C_ENGLB,Yuba River,,Stream,2,1,1,,ENGLB,YUB024,664.184236965363,,,1,1,1,"{1,3,4}",,,false,false,
C_ESB306,,,,2,1,,,,,,,,0,1,1,"{1,3,4}",,,false,false,
C_ESB324,,,,2,1,,,,,,,,0,1,1,"{1,3,4}",,,false,false,
C_ESB347,,,,2,1,,,,,,,,0,1,1,"{1,3,4}",,,false,false,
C_ESB355,,,,2,1,,,,,,,,0,1,1,"{1,3,4}",,,false,false,
C_ESB361,,,,2,1,,,,,,,,0,1,1,"{1,3,4}",,,false,false,
C_ESB403,,,,2,1,,,,,,,,0,1,1,"{1,3,4}",,,false,false,
C_ESB406,,,,2,1,,,,,,,,0,1,1,"{1,3,4}",,,false,false,
C_ESB407,,,,2,1,,,,,,,,0,1,1,"{1,3,4}",,,false,false,
C_ESB408,,,,2,1,,,,,,,,0,1,1,"{1,3,4}",,,false,false,
C_ESB413,,,,2,1,,,,,,,,0,1,1,"{1,3,4}",,,false,false,
C_ESB414,,,,2,1,,,,,,,,0,1,1,"{1,3,4}",,,false,false,
C_ESB415,,,,2,1,,,,,,,,0,1,1,"{1,3,4}",,,false,false,
C_ESB420,,,,2,1,,,,,,,,0,1,1,"{1,3,4}",,,false,false,
C_ESB425,,,,2,1,,,,,,,,0,1,1,"{1,3,4}",,,false,false,
C_ESB433,,,,2,1,,,,,,,,0,1,1,"{1,3,4}",,,false,false,
C_ESC000,Eastside Canal,,Canal,2,1,2,,ESC000,EBP042,7708.48113996634,,,1,1,1,"{1,3,4}",,,false,false,
C_ESL010,Edgar Slough/Cherokee Creek,,Stream,2,1,1,,,,,,,0,1,1,"{1,3,4}",,,false,false,
C_ESTMN,Chowchilla River,,Stream,2,1,2,,ESTMN,CHW037,662.437312209226,,,1,1,1,"{1,3,4}",,,false,false,
C_FCS006,French Camp Slough,,Stream,2,1,2,,FCS006,SJR043,9076.6618320037,,,1,1,1,"{1,3,4}",,,false,false,
C_FDC006,French Dry Creek,,Stream,2,1,1,,FDC006,YUB014,9656.06388384654,,,1,1,1,"{1,3,4}",,,false,false,
C_FMT002,French Meadows Powerhouse Tailrace,,Canal,2,1,1,,FMT002,RUB032,461.535667148904,,,1,1,1,"{1,3,4}",,,false,false,
C_FPT000,Forbestown Tunnel,,,2,1,1,,,,,,,0,1,1,"{1,3,4}",,,false,false,
C_FRDYC,Fordyce Creek,,Stream,2,1,1,,FRDYC,FDC011,264.55766426607,,,1,1,1,"{1,3,4}",,,false,false,
C_FRNCH,Little Last Chance Creek,,Stream,2,1,1,,FRNCH,LLC007,95.2821169132592,,,1,1,1,"{1,3,4}",,,false,false,
C_FRS020,Fresno River,,Stream,2,1,2,,FRS020,FRS016,6437.38884046895,,,1,1,1,"{1,3,4}",,,false,false,
C_FRS025,Fresno River,,Stream,2,1,2,,FRS025,FRS022,4970.81066703894,,,1,1,1,"{1,3,4}",,,false,false,
C_FRS036,Fresno River,,Stream,2,1,2,,FRS036,FRS032,6483.25086877578,,,1,1,1,"{1,3,4}",,,false,false,
C_FRS045,Fresno River,,Stream,2,1,2,,FRS045,FRS039,8046.736166792,,,1,1,1,"{1,3,4}",,,false,false,
C_FRS048,Fresno River,,Canal,2,1,2,,FRS048,FRS046,3405.50150408306,,,1,1,1,"{1,3,4}",,,false,false,
C_FSC013,Folsom South Canal,,Canal,2,1,1,,FSC013,FSC015,3922.02889408081,,,1,1,1,"{1,3,4}",,,false,false,
C_FSC025,Folsom South Canal,,Canal,2,1,2,,FSC025,FSC027,2868.46047413799,,,1,1,1,"{1,3,4}",,,false,false,
C_FSL012,Fresno Slough,,Stream,2,1,2,,FSL012,FSL005,11426.9880267386,,,1,1,1,"{1,3,4}",,,false,false,
C_FTR008,Feather River,,Stream,2,1,1,,FTR008,FTR003,8046.71997680753,,,1,1,1,"{1,3,4}",,,false,false,
C_FTR014,Feather River,,Stream,2,1,1,,FTR014,FTR012,1793.23846241107,,,1,1,1,"{1,3,4}",,,false,false,
C_FTR018,Feather River,,Stream,2,1,1,,FTR018,FTR016,4265.32452128515,,,1,1,1,"{1,3,4}",,,false,false,
C_FTR025,Feather River,,Stream,2,1,1,,FTR025,FTR021,6157.68706187051,,,1,1,1,"{1,3,4}",,,false,false,
C_FTR029,Feather River,,Stream,2,1,1,SAC,FTR029,FTR028,1503.90483846209,,,1,1,1,"{1,3,4}",UPPER_FEATHER,UNIMP_OROV,true,true,stream
C_FTR031,Feather River,,Stream,2,1,1,,FTR031,FTR030,414.717475664069,,,1,1,1,"{1,3,4}",,,false,false,
C_FTR039,Feather River,,Stream,2,1,1,,FTR039,FTR036,5400.3362316006,,,1,1,1,"{1,3,4}",,,false,false,
C_FTR048,Feather River,,Stream,2,1,1,,FTR048,FTR045,5134.88889580415,,,1,1,1,"{1,3,4}",,,false,false,
C_FTR053,Feather River,,Stream,2,1,1,,FTR053,FTR051,3218.52379899436,,,1,1,1,"{1,3,4}",,,false,false,
C_FTR059_DELTA,Feather River Delta,,,2,1,1,,,,,,,0,1,1,"{1,3,4}",,,false,false,
C_FTR063,Feather River,,Stream,2,1,1,,FTR063,FTR059,6178.4407374894,,,1,1,1,"{1,3,4}",,,false,false,
C_FTR068,Feather River downstream of Thermalito Diversion Dam,,Stream,2,1,1,SAC,FTR068,FTR067,949.864727351537,,,1,1,1,"{1,3,4}",UPPER_FEATHER,UNIMP_OROV,false,false,stream
C_FTR074,Feather River,,Stream,2,1,1,,FTR074,OROVL,2615.07590233993,,,1,1,1,"{1,3,4}",,,false,false,
C_GCC010,Glenn Colusa Canal,,Canal,2,1,1,,GCC010,GCC015,8046.72003493417,,,1,1,1,"{1,3,4}",,,false,false,
C_GCC022,Glenn Colusa Canal,,Canal,2,1,1,,GCC022,GCC027,8046.72001941126,,,1,1,1,"{1,3,4}",,,false,false,
C_GCC032,Glenn Colusa Canal,,Canal,2,1,1,,GCC032,GCC036,6488.12156132075,,,1,1,1,"{1,3,4}",,,false,false,
C_GCC039,Glenn Colusa Canal,,Canal,2,1,1,,GCC039,GCC042,4827.90648952306,,,1,1,1,"{1,3,4}",,,false,false,
C_GCC046,Glenn Colusa Canal,,Canal,2,1,1,,GCC046,GCC050,6437.37600846241,,,1,1,1,"{1,3,4}",,,false,false,
C_GCC056,Glenn Colusa Canal,,Canal,2,1,1,,GCC056,GCC060,7125.47360254253,,,1,1,1,"{1,3,4}",,,false,false,
C_GCC065,Glenn Colusa Canal,,Canal,2,1,1,,GCC065,CBD031,4401.55433428559,,,1,1,1,"{1,3,4}",,,false,false,
C_GFT003,Grizzly Forebay Tunnel,,,2,1,1,,GFT003,NFF038,401.74292249746,,,1,1,1,"{1,3,4}",,,false,false,
C_GRT003,Grizzly Tunnel,,Canal,2,1,1,,GRT003,GZL009,67.204377519138,,,1,1,1,"{1,3,4}",,,false,false,
C_GZL007,Grizzly Creek,,Stream,2,1,1,,GZL007,NFF034,11687.4047181693,,,1,1,1,"{1,3,4}",,,false,false,
C_GZL009,Grizzly Creek,,Stream,2,1,1,,GZL009,GZL008,1154.17297138022,,,1,1,1,"{1,3,4}",,,false,false,
C_HKC002,Hendricks Canal,,Canal,2,1,1,,HKC002,TTC000,9877.6184658564,,,1,1,1,"{1,3,4}",,,false,false,
C_HON004,South Honcut Creek,,Stream,2,1,1,,HON004,FTR045,6011.52341626476,,,1,1,1,"{1,3,4}",,,false,false,
C_HTCHY,Tuolumne River below Hetch Hetchy to USGSS gage 11276500,,Stream,2,1,2,,HTCHY,TUO116,1773.39994697668,,,1,1,1,"{1,3,4}",,,false,false,
C_IHT002,Ice House Powerhouse Tailrace,,Stream,2,1,1,,IHT002,UNVLY,6102.39718561876,,,1,1,1,"{1,3,4}",,,false,false,
C_ING008,Ingram Creek,,Stream,2,1,2,,ING008,SJR075,16475.2563626973,,,1,1,1,"{1,3,4}",,,false,false,
C_JBC002,Joint Board Canal,,Canal,2,1,1,,JBC002,JBC004,3631.97016254919,,,1,1,1,"{1,3,4}",,,false,false,
C_JBC008,Joint Board Canal,,Canal,2,1,1,,JBC008,SEC009,10007.7072006181,,,1,1,1,"{1,3,4}",,,false,false,
C_JBT004,Jaybird Tunnel,,Stream,2,1,1,,JBT004,SLV007,23.6499078757616,,,1,1,1,"{1,3,4}",,,false,false,
C_JKSMD,Middle Yuba River,,Stream,2,1,1,,JKSMD,MFY046,1168.25398803238,,,1,1,1,"{1,3,4}",,,false,false,
C_JWB001,Jawbone Creek,,Stream,2,1,2,,JWB001,TUO102,1366.61381504347,,,1,1,1,"{1,3,4}",,,false,false,
C_KLR005,Knights Landing Ridgecut,,Canal,2,1,1,,KLR005,KLR006,2372.92543411989,,,1,1,1,"{1,3,4}",,,false,false,
C_KRT000,Kelly Ridge Tunnel/Powerhouse,,,2,1,1,,,,,,,0,1,1,"{1,3,4}",,,false,false,
C_KSWCK,Sacramento River below Keswick,,Stream,2,1,1,SAC,KSWCK,SAC299,1213.58765475222,,,1,1,1,"{1,3,4}",SAC_UPPER,UNIMP_SHAS,true,false,stream
C_LBC010,Lower Boardman Canal,,Canal,2,1,1,,LBC010,LBC030,32230.1093711634,,,1,1,1,"{1,3,4}",,,false,false,
C_LBC031,Lower Boardman Canal,,Canal,2,1,1,,,,,,,0,1,1,"{1,3,4}",,,false,false,
C_LBC032,Lower Boardman Canal,,Canal,2,1,1,,LBC032,LBC038,9506.43887271965,,,1,1,1,"{1,3,4}",,,false,false,
C_LBC040,Lower Boardman Canal,,Canal,2,1,1,,LBC040,LBC043,4724.56863736911,,,1,1,1,"{1,3,4}",,,false,false,
C_LBC047,Lower Boardman Canal,,Canal,2,1,1,,,,,,,0,1,1,"{1,3,4}",,,false,false,
C_LBC049,Lower Boardman Canal,,Canal,2,1,1,,LBC049,SCR002,16318.7883354036,,,1,1,1,"{1,3,4}",,,false,false,
C_LBN008,Los Banos Creek,,Stream,2,1,2,,LBN008,MSN004,12781.5276868464,,,1,1,1,"{1,3,4}",,,false,false,
C_LBN025,Los Banos Creek,,Stream,2,1,2,,LBN025,LBN012,21343.4548572043,,,1,1,1,"{1,3,4}",,,false,false,
C_LBUCK,Bucks Creek,,Stream,2,1,1,,LBUCK,BUK007,1714.3224746949,,,1,1,1,"{1,3,4}",,,false,false,
C_LCBRF,,,Stream,2,1,1,,LCBRF,TFR000,3687.63750296198,,,1,1,1,"{1,3,4}",,,false,false,
C_LCC024,Little Chico Creek,,Stream,2,1,1,,LCC024,LCC016,12559.4183906788,,,1,1,1,"{1,3,4}",,,false,false,
C_LCC029,Little Chico Creek,,Stream,2,1,1,,LCC029,LCC026,8046.81786419032,,,1,1,1,"{1,3,4}",,,false,false,
C_LDC007,Little Dry Creek,,Stream,2,1,1,,LDC007,BTC016,11970.9220546446,,,1,1,1,"{1,3,4}",,,false,false,
C_LDC029,Little Dry Creek,,Stream,2,1,1,,LDC029,LDC021,13433.3014082406,,,1,1,1,"{1,3,4}",,,false,false,
C_LJC010,Littlejohns Creek,,Stream,2,1,2,,LJC010,FCS007,23234.365578864,,,1,1,1,"{1,3,4}",,,false,false,
C_LKVLY,North Fork North Fork American River,,Stream,2,1,1,,LKVLY,NNA013,4688.49279483084,,,1,1,1,"{1,3,4}",,,false,false,
C_LLOYD,,,,2,1,,,,,,,,0,1,1,"{1,3,4}",,,false,false,
C_LLT000,Loon Lake Tunnel,,Canal,2,1,1,,LLT000,GERLE,6341.21230714803,,,1,1,1,"{1,3,4}",,,false,false,
C_LOONL,Gerle Creek,,Stream,2,1,1,,LOONL,GRL010,555.783990709658,,,1,1,1,"{1,3,4}",,,false,false,
C_LPC007,Little Panoche Creek,,Stream,2,1,2,,LPC007,LPC000,14261.7342290963,,,1,1,1,"{1,3,4}",,,false,false,
C_LRB004,Little Rubicon River,,Stream,2,1,1,,LRB004,LRB003,43.0723672296981,,,1,1,1,"{1,3,4}",,,false,false,
C_LRT000,Lohman Ridge Tunnel,,Canal,2,1,1,,LRT000,OGN005,6089.69991093228,,,1,1,1,"{1,3,4}",,,false,false,
C_LST004,Lost Creek,,Stream,2,1,1,,LST004,LST003,481.082877381115,,,1,1,1,"{1,3,4}",,,false,false,
C_LVC001,Lake Valley Canal,,Canal,2,1,1,,LVC001,DRM002,2340.65572544793,,,1,1,1,"{1,3,4}",,,false,false,
C_LWSTN,Trinity River,,Stream,2,1,1,SAC,LWSTN,TRN111,2003.55865665765,,,1,1,1,"{1,3,4}",TRINITY_RIVER,UNIMP_TRIN,false,false,reservoir_release
C_MAQ001,Mokelumne Aqueduct,,Canal,2,1,2,,MAQ001,MAQ012,16429.9960523322,,,1,1,1,"{1,3,4}",,,false,false,
C_MAQ057,Mokelumne Aqueduct,,Canal,2,1,1,,,,,,,0,1,1,"{1,3,4}",,,false,false,
C_MBT005,Milton-Bowman Tunnel,,Canal,2,1,1,,MBT005,BOWMN,4147.41792379088,,,1,1,1,"{1,3,4}",,,false,false,
C_MCD005,Merced River,,Stream,2,1,2,SJR,MCD005,MCD002,4108.90391096041,,,1,1,1,"{1,3,4}",UPPER_MERCED,UNIMP_ME,true,true,stream
C_MCD014,Merced River,,Stream,2,1,2,,MCD014,MCD009,8046.73604121327,,,1,1,1,"{1,3,4}",,,false,false,
C_MCD021,Merced River,,Stream,2,1,2,SJR,MCD021,MCD018,5613.36219018436,,,1,1,1,"{1,3,4}",UPPER_MERCED,UNIMP_ME,false,false,stream
C_MCD032,Merced River,,Stream,2,1,2,,MCD032,MCD028,6474.68631285839,,,1,1,1,"{1,3,4}",,,false,false,
C_MCD036,Merced River,,Stream,2,1,2,,MCD036,MCD033,5192.78887251395,,,1,1,1,"{1,3,4}",,,false,false,
C_MCD046,Merced River,,Stream,2,1,2,,MCD046,MCD042,7149.10668463822,,,1,1,1,"{1,3,4}",,,false,false,
C_MCD050,Merced River,,Stream,2,1,2,,MCD050,MCD048,3859.72342951099,,,1,1,1,"{1,3,4}",,,false,false,
C_MCD054,Merced River,,Stream,2,1,2,,MCD054,MCD052,4134.71871309814,,,1,1,1,"{1,3,4}",,,false,false,
C_MCD056,Merced River,,Stream,2,1,2,,MCD056,MCD055,1769.2561976236,,,1,1,1,"{1,3,4}",,,false,false,
C_MCW003,,,,2,1,,,,,,,,0,1,1,"{1,3,4}",,,false,false,
C_MDC006,Madera Canal,,Canal,2,1,2,,MDC006,MDC019,20362.6010158388,,,1,1,1,"{1,3,4}",,,false,false,
C_MDC032,Madera Canal,,Canal,2,1,2,,MDC032,CHW028,6254.4729748486,,,1,1,1,"{1,3,4}",,,false,false,
C_MDOTAE,,,,2,1,,,,,,,,0,1,1,"{1,3,4}",,,false,false,
C_MDS003,Modesto Main Canal,,Canal,2,1,2,,MDS003,MDSTO,21455.8730355639,,,1,1,1,"{1,3,4}",,,false,false,
C_MERLC,French Dry Creek,,Stream,2,1,1,,MERLC,FDC006,10275.2359825822,,,1,1,1,"{1,3,4}",,,false,false,
C_MFA023,Middle Fork American River,,Stream,2,1,1,,MFA023,MFA001,34847.7831611938,,,1,1,1,"{1,3,4}",,,false,false,
C_MFA025,Middle Fork American River,,Stream,2,1,1,,MFA025,MFA024,1020.69209463103,,,1,1,1,"{1,3,4}",,,false,false,
C_MFA035,Middle Fork American River,,Stream,2,1,1,,MFA035,MFA026,16272.740555293,,,1,1,1,"{1,3,4}",,,false,false,
C_MFA037,Middle Fork American River,,Stream,2,1,1,,MFA037,MFA036,597.003945948921,,,1,1,1,"{1,3,4}",,,false,false,
C_MFA040,Middle Fork American River,,Stream,2,1,1,,MFA040,MFA038,5971.01142678148,,,1,1,1,"{1,3,4}",,,false,false,
C_MFF019,Middle Fork Feather River,,Stream,2,1,1,,MFF019,SFF002,30435.4663381516,,,1,1,1,"{1,3,4}",,,false,false,
C_MFF088,Middle Fork Feather River,,Stream,2,1,1,,MFF088,MFF087,1690.1672721206,,,1,1,1,"{1,3,4}",,,false,false,
C_MFM001,Middle Fork Mokelumne River,,Stream,2,1,2,,MFM001,MOK088,2319.04394651284,,,1,1,1,"{1,3,4}",,,false,false,
C_MFM007,Middle Fork Mokelumne River,,Stream,2,1,2,,MFM007,MFM006,1126.47959571863,,,1,1,1,"{1,3,4}",,,false,false,
C_MFS012,Middle Fork Stanislaus River,,Stream,2,1,2,,MFS012,STN093,20067.655894906,,,1,1,1,"{1,3,4}",,,false,false,
C_MFS014,Middle Fork Stanislaus River,,Stream,2,1,2,,MFS014,MFS013,1593.21919682647,,,1,1,1,"{1,3,4}",,,false,false,
C_MFS016,Middle Fork Stanislaus River,,Stream,2,1,2,,MFS016,MFS015,1438.55803778062,,,1,1,1,"{1,3,4}",,,false,false,
C_MFS022,Middle Fork Stanislaus River,,Stream,2,1,2,,MFS022,MFS021,361.471185112371,,,1,1,1,"{1,3,4}",,,false,false,
C_MFT000,Middle Fork Tuolumne River,,Stream,2,1,2,,MFT000,SFT002,1325.68480053014,,,1,1,1,"{1,3,4}",,,false,false,
C_MFT004,Middle Fork Tunnel,,Canal,2,1,1,,MFT004,MFT011,11020.6581803713,,,1,1,1,"{1,3,4}",,,false,false,
C_MFY005,Middle Yuba River,,Stream,2,1,1,,MFY005,YUB039,7351.50266987405,,,1,1,1,"{1,3,4}",,,false,false,
C_MFY013,Middle Yuba River,,Stream,2,1,1,,MFY013,MFY012,158.872753235534,,,1,1,1,"{1,3,4}",,,false,false,
C_MFY045,Middle Yuba River,,Stream,2,1,1,,MFY045,MFY044,96.2595354786738,,,1,1,1,"{1,3,4}",,,false,false,
C_MIL002,Mills Creek,,Stream,2,1,2,,,,3819.7124833828,,,1,1,1,"{1,3,4}",,,false,false,
C_MIO010,Miocene Canal,,,2,1,1,,,,,,,0,1,1,"{1,3,4}",,,false,false,
C_MLC004,Mill Creek,,Stream,2,1,1,,MLC004,SAC228,6437.37601617424,,,1,1,1,"{1,3,4}",,,false,false,
C_MLRTN,San Joaquin River Friant Release,,Stream,2,1,2,SJR,MLRTN,SJR265,256.867035959378,,,1,1,1,"{1,3,4}",,,false,false,
C_MNT000,Mountain Tunnel,,,2,1,2,,,,,,,0,1,1,"{1,3,4}",,,false,false,
C_MNT020,Mountain Tunnel,,,2,1,2,,,,,,,0,1,1,"{1,3,4}",,,false,false,
C_MOC003,Moccasin Creek,,Stream,2,1,2,,MOC003,TUO073,4474.38306311703,,,1,1,1,"{1,3,4}",,,false,false,
C_MOK014,Mokelumne River,,Stream,2,1,1,,MOK014,MOK004,16953.8977748375,,,1,1,1,"{1,3,4}",,,false,false,
C_MOK022,Mokelumne River,,Stream,2,1,2,,MOK022,MOK019,4258.55330081545,,,1,1,1,"{1,3,4}",,,false,false,
C_MOK033,Mokelumne River,,Stream,2,1,2,,MOK033,MOK028,7387.27752122594,,,1,1,1,"{1,3,4}",,,false,false,
C_MOK035,Mokelumne River,,Stream,2,1,2,,MOK035,MOK034,1241.33483253939,,,1,1,1,"{1,3,4}",,,false,false,
C_MOK044,Mokelumne River,,Stream,2,1,2,,MOK044,MOK039,9790.07625447788,,,1,1,1,"{1,3,4}",,,false,false,
C_MOK055,Mokelumne River,,Stream,2,1,2,,MOK055,MOK050,8046.71995671398,,,1,1,1,"{1,3,4}",,,false,false,
C_MOK079,Mokelumne River,,Stream,2,1,2,,MOK079,PARDE,15093.3341926824,,,1,1,1,"{1,3,4}",,,false,false,
C_MOK088,Mokelumne River,,Stream,2,1,2,,MOK088,MOK082,8691.2063647305,,,1,1,1,"{1,3,4}",,,false,false,
C_MRM001,Shirland Canal/Mormon Ravine,,Stream,2,1,1,,MRM001,NFA011,743.127569867598,,,1,1,1,"{1,3,4}",,,false,false,
C_MSH015,Marsh Creek,,Stream,2,1,1,,MSH015,SJR009,24774.1506997278,,,1,1,1,"{1,3,4}",,,false,false,
C_MSN005,Mud Slough,,Stream,2,1,2,,MSN005,MSN004,2060.03472011224,,,1,1,1,"{1,3,4}",,,false,false,
C_MSS014,Mud Slough,,Stream,2,1,2,,MSS014,SAL017,21960.1924773249,,,1,1,1,"{1,3,4}",,,false,false,
C_NBA009,North Bay Aqueduct,,Canal,2,1,1,,NBA009,NBA011,2504.73792737919,,,1,1,1,"{1,3,4}",,,false,false,
C_NBA021,North Bay Aqueduct,,Canal,2,1,1,,NBA021,NBA027,9656.08330538328,,,1,1,1,"{1,3,4}",,,false,false,
C_NCM020,,,,2,1,,,,,,,,0,1,1,"{1,3,4}",,,false,false,
C_NCT001,NF Long Canyon Creek Diversion Tunnel,,,2,1,1,,,,,,,0,1,1,"{1,3,4}",,,false,false,
C_NCW001,,,,2,1,,,,,,,,0,1,1,"{1,3,4}",,,false,false,
C_NFA011,North Fork American River,,Stream,2,1,1,,NFA011,FOLSM,17622.9999412833,,,1,1,1,"{1,3,4}",,,false,false,
C_NFA019,North Fork American River,,Stream,2,1,1,,NFA019,NFA016,5531.73097220247,,,1,1,1,"{1,3,4}",,,false,false,
C_NFA048,North Fork American River,,Stream,2,1,1,,NFA048,NFA022,42836.3204355171,,,1,1,1,"{1,3,4}",,,false,false,
C_NFC005,North Fork Cache Creek,,Stream,2,1,1,,NFC005,CCH075,8316.15513936799,,,1,1,1,"{1,3,4}",,,false,false,
C_NFF008,North Fork Feather River,,Stream,2,1,1,,NFF008,FTR074,13059.1500048436,,,1,1,1,"{1,3,4}",,,false,false,
C_NFF028,North Fork Feather River,,Stream,2,1,1,,NFF028,NFF027,2226.1417527107,,,1,1,1,"{1,3,4}",,,false,false,
C_NFF030,North Fork Feather River,,Stream,2,1,1,,NFF030,NFF029,4870.15722793415,,,1,1,1,"{1,3,4}",,,false,false,
C_NFF035,North Fork Feather River,,Stream,2,1,1,,NFF037,NFF035,839.78053752293,,,1,1,1,"{1,3,4}",,,false,false,
C_NFF038,North Fork Feather River,,Stream,2,1,1,,NFF038,NFF037,2841.38458859579,,,1,1,1,"{1,3,4}",,,false,false,
C_NFF045,North Fork Feather River,,Stream,2,1,1,,NFF045,NFF039,8197.48944414345,,,1,1,1,"{1,3,4}",,,false,false,
C_NFF048,North Fork Feather River,,Stream,2,1,1,,NFF048,NFF046,1099.96325762067,,,1,1,1,"{1,3,4}",,,false,false,
C_NFF057,North Fork Feather River,,Stream,2,1,1,,NFF057,NFF050,9875.93379415681,,,1,1,1,"{1,3,4}",,,false,false,
C_NFF059,North Fork Feather River,,Stream,2,1,1,,NFF059,NFF058,660.772792975868,,,1,1,1,"{1,3,4}",,,false,false,
C_NFF069,North Fork Feather River,,Stream,2,1,1,,NFF069,NFF060,2135.1790485176,,,1,1,1,"{1,3,4}",,,false,false,
C_NFM006,North Fork Mokelumne River,,Stream,2,1,2,,NFM006,MOK088,10792.3397968599,,,1,1,1,"{1,3,4}",,,false,false,
C_NFM012,North Fork Mokelumne River,,Stream,2,1,2,,NFM012,NFM010,2041.64512876321,,,1,1,1,"{1,3,4}",,,false,false,
C_NFM026,North Fork Mokelumne River,,,2,1,2,,,,,,,0,1,1,"{1,3,4}",,,false,false,
C_NFM029,North Fork Mokelumne River,,Stream,2,1,2,,NFM029,NFM024,7950.77115213188,,,1,1,1,"{1,3,4}",,,false,false,
C_NFS005,North Fork Stanislaus River,,Stream,2,1,2,,NFS005,NFS003,4192.60023869756,,,1,1,1,"{1,3,4}",,,false,false,
C_NFS008,North Fork Stanislaus River,,Stream,2,1,2,,NFS008,NFS007,351.297328472126,,,1,1,1,"{1,3,4}",,,false,false,
C_NFS027,North Fork Stanislaus River,,Stream,2,1,2,,NFS027,NFS009,29059.213594602,,,1,1,1,"{1,3,4}",,,false,false,
C_NFT008,North Fork Tuolumne River,,Stream,2,1,2,,NFT008,TUO081,13219.0188688902,,,1,1,1,"{1,3,4}",,,false,false,
C_NFY017,North Yuba River,,Stream,2,1,1,,NFY017,NBLDB,24509.3613863969,,,1,1,1,"{1,3,4}",,,false,false,
C_NHGAN,Calaveras River,,Stream,2,1,2,,NHGAN,CLV044,1223.40247313584,,,1,1,1,"{1,3,4}",,,false,false,
C_NLC003,North Fork Long Canyon Creek,,Stream,2,1,1,,NLC003,NLC002,257.692440898706,,,1,1,1,"{1,3,4}",,,false,false,
C_NMA003,North Fork of Middle Fork American River,,Stream,2,1,1,,NMA003,MFA024,4185.25544901276,,,1,1,1,"{1,3,4}",,,false,false,
C_NNA013,North Fork North Fork American River,,Stream,2,1,1,,NNA013,NFA054,21477.0193208812,,,1,1,1,"{1,3,4}",,,false,false,
C_NTOMA_DELTA,American River Delta,,,2,1,1,,,,,,,0,1,1,"{1,3,4}",,,false,false,
C_OAK001,Oakdale South Main Canal,,Canal,2,1,2,,OAK001,OAK020,31441.3167167098,,,1,1,1,"{1,3,4}",,,false,false,
C_OGN005,Oregon Creek,,Stream,2,1,1,,OGN005,OGN004,143.28586710344,,,1,1,1,"{1,3,4}",,,false,false,
C_OMR013A,Old/Middle Rivers,,Stream,2,1,1,,OMR013,OMR002,17852.0493333342,,,1,1,1,"{1,3,4}",,,false,false,
C_OMR014,Old/Middle Rivers,,Stream,2,1,1,SJR,OMR014,OMR013,525.48874989184,,,1,1,1,"{1,3,4}",SAN_JOAQUIN,UNIMP_SJ,false,false,stream
C_OMR021,Old/Middle Rivers,,Stream,2,1,1,,OMR021,OMR018,4236.08382201781,,,1,1,1,"{1,3,4}",,,false,false,
C_OMR024B,Victoria Canal,,Canal,2,1,1,,OMR024,VCT002,3218.6944926819,,,1,1,1,"{1,3,4}",,,false,false,
C_OMR028,Old/Middle Rivers,,Stream,2,1,1,,OMR028,OMR027,1456.8828847583,,,1,1,1,"{1,3,4}",,,false,false,
C_OROVL,Feather River,,Stream,2,1,1,SAC,OROVL,FTR072,968.261438381566,,,1,1,1,"{1,3,4}",UPPER_FEATHER,UNIMP_OROV,false,false,reservoir_release
C_ORT001,Orestimba Creek,,Stream,2,1,2,,ORT001,SJR106,2118.90725820487,,,1,1,1,"{1,3,4}",,,false,false,
C_ORT014,Orestimba Creek,,Stream,2,1,2,,ORT014,ORT009,8046.73606844219,,,1,1,1,"{1,3,4}",,,false,false,
C_OWN040,Owens Creek,,Stream,2,1,2,,OWN040,OWN011,45606.3223230962,,,1,1,1,"{1,3,4}",,,false,false,
C_OYS001,Oyster Creek,,Stream,2,1,1,,OYS001,SLF014,1382.44155758886,,,1,1,1,"{1,3,4}",,,false,false,
C_PCRST,South Fork Stanislaus River,,Stream,2,1,2,,PCRST,SFS033,2032.80880627472,,,1,1,1,"{1,3,4}",,,false,false,
C_PHP000,Philadelphia Ditch,,Canal,2,1,2,,PHP000,MFS015,9220.57505027365,,,1,1,1,"{1,3,4}",,,false,false,
C_PLC007,Pilot Creek,,Stream,2,1,1,,PLC007,PLC006,243.427090396854,,,1,1,1,"{1,3,4}",,,false,false,
C_PLM001,Plum Creek (S. Fk. American),,Stream,2,1,1,,PLM001,SFA059,2194.25001766948,,,1,1,1,"{1,3,4}",,,false,false,
C_PSC003,Putah South Canal,,Canal,2,1,1,,PSC003,PSC006,4962.47599989508,,,1,1,1,"{1,3,4}",,,false,false,
C_PSC013,Putah South Canal,,Canal,2,1,1,,PSC013,PSC015,3273.41301131809,,,1,1,1,"{1,3,4}",,,false,false,
C_PSC017,Putah South Canal,,Canal,2,1,1,,PSC017,PSC020,4520.70979286502,,,1,1,1,"{1,3,4}",,,false,false,
C_PSC024,Putah South Canal,,Canal,2,1,1,,PSC024,PSC033,16084.0645279196,,,1,1,1,"{1,3,4}",,,false,false,
C_PTH011,Putah Creek,,Stream,2,1,1,,PTH011,PTH007,6061.14958345941,,,1,1,1,"{1,3,4}",,,false,false,
C_PTH020,Putah Creek,,Stream,2,1,1,,PTH020,PTH015,8046.71998254455,,,1,1,1,"{1,3,4}",,,false,false,
C_PTH024,Putah Creek,,Stream,2,1,1,,PTH024,PTH021,4750.01231595891,,,1,1,1,"{1,3,4}",,,false,false,
C_PTH070,Putah Creek,,Stream,2,1,1,,PTH070,BRYSA,91192.2333404787,,,1,1,1,"{1,3,4}",,,false,false,
C_PYR001,Pyramid Creek,,Stream,2,1,1,,PYR001,SFA079,1669.80144475877,,,1,1,1,"{1,3,4}",,,false,false,
C_RCK001,Rock Creek,,,2,1,1,,,,,,,0,1,1,"{1,3,4}",,,false,false,
C_RCT007,Rock Creek Tunnel,,,2,1,1,,RCT007,NFF037,3354.77799290088,,,1,1,1,"{1,3,4}",,,false,false,
C_RFS13,Return Flow Split,,,2,1,1,,,,,,,0,1,1,"{1,3,4}",,,false,false,
C_RFS17,Return Flow Split,,,2,1,1,,,,,,,0,1,1,"{1,3,4}",,,false,false,
C_RLIEF,Summit Creek,,Stream,2,1,2,,RLIEF,MFS048,1721.28987425248,,,1,1,1,"{1,3,4}",,,false,false,
C_RLT007,Ralston Powerhouse Tailrace,,Stream,2,1,1,,RLT007,RUB001,35.7025853836508,,,1,1,1,"{1,3,4}",,,false,false,
C_RRT000,Rubicon-Rockbound Tunnel,,Canal,2,1,1,,RRT000,LRB005,921.496684489012,,,1,1,1,"{1,3,4}",,,false,false,
C_RSL001B,Indian Slough,,Stream,2,1,1,,RSL001,RSL004,11420.308807511,,,1,1,1,"{1,3,4}",,,false,false,
C_RUB002,Rubicon River,,Stream,2,1,1,,RUB002,RUB001,1029.01473063852,,,1,1,1,"{1,3,4}",,,false,false,
C_RUB005,Rubicon River,,Stream,2,1,1,,RUB005,RUB004,2641.12172303375,,,1,1,1,"{1,3,4}",,,false,false,
C_RUB031,Rubicon River,,Stream,2,1,1,,RUB031,RUB023,12534.9222386557,,,1,1,1,"{1,3,4}",,,false,false,
C_RUB044,Rubicon River,,Stream,2,1,1,,RUB044,RUB041,3659.00751694422,,,1,1,1,"{1,3,4}",,,false,false,
C_RVC000,Richvale ID - Buttler Canal,,Canal,2,1,1,,RVC000,RVC005,7364.97312011841,,,1,1,1,"{1,3,4}",,,false,false,
C_SAC000,Sacramento River,,Stream,2,1,1,SAC,SAC000,CHIPPS,,,,1,1,1,"{1,3,4}",SAC_LOWER,UNIMP_SRBB,false,true,stream
C_SAC007,Sacramento River,,Stream,2,1,1,SAC,SAC007,SAC003,6437.37595516694,,,1,1,1,"{1,3,4}",SAC_LOWER,UNIMP_SRBB,false,false,stream
C_SAC017,Sacramento River,,Stream,2,1,1,,SAC017,SAC011,9256.70836743719,,,1,1,1,"{1,3,4}",,,false,false,
C_SAC029A,Sacramento River,,Stream,2,1,1,,SAC029,SAC022,11458.3682729878,,,1,1,1,"{1,3,4}",,,false,false,
C_SAC030,Sacramento River,,Stream,2,1,1,,SAC030,SAC029,973.303383042203,,,1,1,1,"{1,3,4}",,,false,false,
C_SAC041,Sacramento River at Hood,,Stream,2,1,1,DELTA,SAC041,SAC036,8046.71999659973,,,1,1,1,"{1,3,4}",SAC_LOWER,UNIMP_SRBB,false,false,stream
C_SAC049,"Sacramento River downstream of American River, at Freeport",,Stream,2,1,1,SAC,SAC049,SAC048,1364.91856781194,,,1,1,1,"{1,3,4}",SAC_LOWER,UNIMP_SRBB,true,true,stream
C_SAC053,Sacramento River,,Stream,2,1,1,,SAC053,SAC050,4827.87098246476,,,1,1,1,"{1,3,4}",,,false,false,
C_SAC061,Sacramento River,,Stream,2,1,1,,SAC061,SAC057,8262.09210151904,,,1,1,1,"{1,3,4}",,,false,false,
C_SAC063,Sacramento River,,Stream,2,1,1,,SAC063,SAC062,625.165385534433,,,1,1,1,"{1,3,4}",,,false,false,
C_SAC065,Sacramento River,,Stream,2,1,1,,SAC065,SAC064,3379.84031239653,,,1,1,1,"{1,3,4}",,,false,false,
C_SAC074,Sacramento River,,Stream,2,1,1,,SAC074,SAC066,12280.8297192622,,,1,1,1,"{1,3,4}",,,false,false,
C_SAC077,Sacramento River,,Stream,2,1,1,,SAC077,SAC075,3218.44653964038,,,1,1,1,"{1,3,4}",,,false,false,
C_SAC081,Sacramento River,,Stream,2,1,1,,SAC081,SAC078,5080.6451550226,,,1,1,1,"{1,3,4}",,,false,false,
C_SAC083,Sacramento River,,Stream,2,1,1,SAC,SAC083,SAC082,1579.90198593392,,,1,1,1,"{1,3,4}",SAC_LOWER,UNIMP_SRBB,false,false,stream
C_SAC091,Sacramento River,,Stream,2,1,1,,SAC091,SAC085,9152.87796426811,,,1,1,1,"{1,3,4}",,,false,false,
C_SAC093,Sacramento River,,Stream,2,1,1,,SAC093,SAC092,586.123240220915,,,1,1,1,"{1,3,4}",,,false,false,
C_SAC099,Sacramento River,,Stream,2,1,1,,SAC099,SAC097,3545.12444054996,,,1,1,1,"{1,3,4}",,,false,false,
C_SAC109,Sacramento River,,Stream,2,1,1,,SAC109,SAC106,4346.49830360606,,,1,1,1,"{1,3,4}",,,false,false,
C_SAC120,Sacramento River,,Stream,2,1,1,SAC,SAC120,SAC115,9547.47633897296,,,1,1,1,"{1,3,4}",SAC_LOWER,UNIMP_SRBB,false,false,stream
C_SAC122,Sacramento River,,Stream,2,1,1,SAC,SAC122,SAC121,1433.25104932103,,,1,1,1,"{1,3,4}",SAC_LOWER,UNIMP_SRBB,true,true,stream
C_SAC134,Sacramento River,,Stream,2,1,1,,SAC134,SAC129,8046.71998543938,,,1,1,1,"{1,3,4}",,,false,false,
C_SAC141,Sacramento River,,Stream,2,1,1,,SAC141,SAC136,6719.23646577633,,,1,1,1,"{1,3,4}",,,false,false,
C_SAC148,Sacramento River,,Stream,2,1,1,SAC,SAC148,SAC146,3413.83922573421,,,1,1,1,"{1,3,4}",SAC_LOWER,UNIMP_SRBB,true,true,stream
C_SAC159,Sacramento River,,Stream,2,1,1,,SAC159,SAC154,8594.37782674483,,,1,1,1,"{1,3,4}",,,false,false,
C_SAC168,Sacramento River,,Stream,2,1,1,,SAC168,SAC162,9656.0639217799,,,1,1,1,"{1,3,4}",,,false,false,
C_SAC174,Sacramento River,,Stream,2,1,1,,SAC174,SAC169,7677.14555225064,,,1,1,1,"{1,3,4}",,,false,false,
C_SAC182,Sacramento River,,Stream,2,1,1,,SAC182,SAC178,6437.37594733941,,,1,1,1,"{1,3,4}",,,false,false,
C_SAC188,Sacramento River,,Stream,2,1,1,,SAC188,SAC185,4242.9711070621,,,1,1,1,"{1,3,4}",,,false,false,
C_SAC195,Sacramento River,,Stream,2,1,1,,SAC195,SAC193,4837.96816056265,,,1,1,1,"{1,3,4}",,,false,false,
C_SAC201,Sacramento River,,Stream,2,1,1,SAC,SAC201,SAC196,9126.65301931873,,,1,1,1,"{1,3,4}",SAC_LOWER,UNIMP_SRBB,false,false,stream
C_SAC214,Sacramento River,,Stream,2,1,1,,SAC214,SAC207,11987.3224014946,,,1,1,1,"{1,3,4}",,,false,false,
C_SAC218,Sacramento River,,Stream,2,1,1,,SAC218,SAC217,1544.60569602671,,,1,1,1,"{1,3,4}",,,false,false,
C_SAC228,Sacramento River,,Stream,2,1,1,,SAC228,SAC224,6463.47188917418,,,1,1,1,"{1,3,4}",,,false,false,
C_SAC232,Sacramento River,,Stream,2,1,1,,SAC232,SAC229,5398.74856580162,,,1,1,1,"{1,3,4}",,,false,false,
C_SAC247,Sacramento River,,Stream,2,1,1,,SAC247,SAC240,11668.9121385668,,,1,1,1,"{1,3,4}",,,false,false,
C_SAC254,Sacramento River,,Stream,2,1,1,,SAC254,SAC250,6647.60722307837,,,1,1,1,"{1,3,4}",,,false,false,
C_SAC259,Sacramento River,,Stream,2,1,1,,SAC259,SAC257,2783.01124799203,,,1,1,1,"{1,3,4}",,,false,false,
C_SAC269,Sacramento River,,Stream,2,1,1,,SAC269,SAC265,5699.67772521279,,,1,1,1,"{1,3,4}",,,false,false,
C_SAC273,Sacramento River,,Stream,2,1,1,,SAC273,SAC271,4284.23624948776,,,1,1,1,"{1,3,4}",,,false,false,
C_SAC277,Sacramento River,,Stream,2,1,1,,SAC277,SAC275,4040.04748925568,,,1,1,1,"{1,3,4}",,,false,false,
C_SAC287,Sacramento River,,Stream,2,1,1,,SAC287,SAC281,8934.33030039032,,,1,1,1,"{1,3,4}",,,false,false,
C_SAC294,Sacramento River,,Stream,2,1,1,,SAC294,SAC289,8547.94920782837,,,1,1,1,"{1,3,4}",,,false,false,
C_SAC299,Sacramento River,,Stream,2,1,1,,SAC299,SAC296,4634.64143187482,,,1,1,1,"{1,3,4}",,,false,false,
C_SAL006,Salt Slough,,Stream,2,1,2,,SAL006,SJR127,9384.61347602712,,,1,1,1,"{1,3,4}",,,false,false,
C_SBA000,,,,2,1,,,,,,,,0,1,1,"{1,3,4}",,,false,false,
C_SBA009,,,,2,1,,,,,,,,0,1,1,"{1,3,4}",,,false,false,
C_SBA016,,,,2,1,,,,,,,,0,1,1,"{1,3,4}",,,false,false,
C_SBA019,,,,2,1,,,,,,,,0,1,1,"{1,3,4}",,,false,false,
C_SBA020,,,,2,1,,,,,,,,0,1,1,"{1,3,4}",,,false,false,
C_SBA029,,,,2,1,,,,,,,,0,1,1,"{1,3,4}",,,false,false,
C_SBA036,,,,2,1,,,,,,,,0,1,1,"{1,3,4}",,,false,false,
C_SBP012,Sutter Bypass,,Bypass,2,1,1,,SBP012,SSL001,17322.087891181,,,1,1,1,"{1,3,4}",,,false,false,
C_SBP018,Sutter Bypass,,Bypass,2,1,1,,SBP018,SBP014,6437.37598948458,,,1,1,1,"{1,3,4}",,,false,false,
C_SBP024,Sutter Bypass,,Bypass,2,1,1,,SBP024,SBP021,4455.39200175394,,,1,1,1,"{1,3,4}",,,false,false,
C_SBP031,Sutter Bypass,,Bypass,2,1,1,,SBP031,SBP028,5592.35749243028,,,1,1,1,"{1,3,4}",,,false,false,
C_SCR002,Secret Ravine,,Stream,2,1,1,,SCR002,DCK012,10795.7931388036,,,1,1,1,"{1,3,4}",,,false,false,
C_SCT001,Slate Creek Tunnel,,,2,1,1,,,,,,,0,1,1,"{1,3,4}",,,false,false,
C_SCW004,South Fork Cottonwood Creek,,,2,1,1,,,,,,,0,1,1,"{1,3,4}",,,false,false,
C_SCW008,South Fork Cottonwood Creek,,Stream,2,1,1,,SCW008,CWD009,12588.8664294363,,,1,1,1,"{1,3,4}",,,false,false,
C_SDT000,South Fork Stanislaus Diversion Tunnel,,,2,1,2,,,,,,,0,1,1,"{1,3,4}",,,false,false,
C_SFA011,South Fork American River,,,2,1,1,,,,,,,0,1,1,"{1,3,4}",,,false,false,
C_SFA017,South Fork American River,,,2,1,1,,,,,,,0,1,1,"{1,3,4}",,,false,false,
C_SFA030,South Fork American River,,Stream,2,1,1,,SFA030,FOLSM,47549.2309163967,,,1,1,1,"{1,3,4}",,,false,false,
C_SFA035,South Fork American River,,Stream,2,1,1,,SFA035,SFA032,3684.99137339075,,,1,1,1,"{1,3,4}",,,false,false,
C_SFA044,South Fork American River,,,2,1,1,,,,,,,0,1,1,"{1,3,4}",,,false,false,
C_SFA045,South Fork American River,,Stream,2,1,1,,SFA045,SFA040,3130.64362960205,,,1,1,1,"{1,3,4}",,,false,false,
C_SFA048,South Fork American River,,Stream,2,1,1,,SFA048,SFA046,3914.01553354849,,,1,1,1,"{1,3,4}",,,false,false,
C_SFA063,South Fork American River,,Stream,2,1,1,,SFA063,SFA059,6125.24666221474,,,1,1,1,"{1,3,4}",,,false,false,
C_SFA066,South Fork American River,,Stream,2,1,1,,SFA066,SFA065,965.006550930998,,,1,1,1,"{1,3,4}",,,false,false,
C_SFA076,South Fork American River,,Stream,2,1,1,,SFA076,SFA068,13352.2532686779,,,1,1,1,"{1,3,4}",,,false,false,
C_SFA085,South Fork American River,,Stream,2,1,1,,SFA084,SFA079,9445.0538703858,,,1,1,1,"{1,3,4}",,,false,false,
C_SFF002,South Fork Feather River,,Stream,2,1,1,,SFF002,FTR074,3949.50054303062,,,1,1,1,"{1,3,4}",,,false,false,
C_SFF011,South Fork Feather River,,Stream,2,1,1,,SFF011,SFF008,5281.00770918914,,,1,1,1,"{1,3,4}",,,false,false,
C_SFF019,South Fork Feather River,,,2,1,1,,,,,,,0,1,1,"{1,3,4}",,,false,false,
C_SFF020,South Fork Feather River,,Stream,2,1,1,,SFF020,SFF018,2548.90091646301,,,1,1,1,"{1,3,4}",,,false,false,
C_SFF029,South Fork Feather River,,Stream,2,1,1,,SFF029,SFF028,183.471475460811,,,1,1,1,"{1,3,4}",,,false,false,
C_SFM003,South Fork Mokelumne River,,Stream,2,1,2,,SFM003,MFM001,4405.13357635813,,,1,1,1,"{1,3,4}",,,false,false,
C_SFR004,South Fork Rubicon River,,Stream,2,1,1,,SFR004,RUB023,8011.19796306067,,,1,1,1,"{1,3,4}",,,false,false,
C_SFR006,South Fork Rubicon River,,Stream,2,1,1,,SFR006,SFR005,1976.02401465956,,,1,1,1,"{1,3,4}",,,false,false,
C_SFS033,South Fork Stanislaus River,,Stream,2,1,2,,SFS033,SFS030,4361.63593346619,,,1,1,1,"{1,3,4}",,,false,false,
C_SFT002,South Fork Tuolumne River,,Stream,2,1,2,,SFT002,TUO097,4016.28411455169,,,1,1,1,"{1,3,4}",,,false,false,
C_SFY007,South Yuba River,,Stream,2,1,1,,SFY007,YUB030,11649.6817314132,,,1,1,1,"{1,3,4}",,,false,false,
C_SFY040,South Yuba River,,Stream,2,1,1,,SFY040,SFY033,12235.8305122111,,,1,1,1,"{1,3,4}",,,false,false,
C_SFY043,South Yuba River,,Stream,2,1,1,,SFY043,SPLDG,997.261579016788,,,1,1,1,"{1,3,4}",,,false,false,
C_SFY048,South Yuba River,,Stream,2,1,1,,SFY048,SFY044,6828.08089684327,,,1,1,1,"{1,3,4}",,,false,false,
C_SHSTA,Sacramento River below Shasta,,Stream,2,1,1,SAC,SHSTA,SAC301,14053.8007973605,,,1,1,1,"{1,3,4}",SAC_UPPER,UNIMP_SHAS,false,false,reservoir_release
C_SJR006,San Joaquin River,,Stream,2,1,1,,SJR006,SAC000,9656.08330299599,,,1,1,1,"{1,3,4}",,,false,false,
C_SJR013,San Joaquin River,,Stream,2,1,1,SJR,SJR013,SJR009,6437.24171052345,,,1,1,1,"{1,3,4}",SAN_JOAQUIN,UNIMP_SJ,false,false,stream
C_SJR023,San Joaquin River,,Stream,2,1,1,,SJR023,SJR022,2559.39300092114,,,1,1,1,"{1,3,4}",,,false,false,
C_SJR028,San Joaquin River,,Stream,2,1,1,,SJR028,SJR026,3756.44744163546,,,1,1,1,"{1,3,4}",,,false,false,
C_SJR038,San Joaquin River,,Stream,2,1,1,,SJR038,SJR033,7948.56409471224,,,1,1,1,"{1,3,4}",,,false,false,
C_SJR043,San Joaquin River,,Stream,2,1,2,,SJR043,SJR042,2003.93538894639,,,1,1,1,"{1,3,4}",,,false,false,
C_SJR053A,San Joaquin River,,Stream,2,1,2,,SJR053,SJR048,8582.50948273297,,,1,1,1,"{1,3,4}",,,false,false,
C_SJR056,San Joaquin River inflow to Delta,,Stream,2,1,1,DELTA,SJR056,SJR053,4278.82190724643,,,1,1,1,"{1,3,4}",,,false,false,
C_SJR070,San Joaquin River at Vernalis,,Stream,2,1,2,SJR,SJR070,SJR062,13155.7009321381,,,1,1,1,"{1,3,4}",SAN_JOAQUIN,UNIMP_SJ,true,true,stream
C_SJR075,San Joaquin River,,Stream,2,1,2,,SJR075,SJR072,3783.50716422691,,,1,1,1,"{1,3,4}",,,false,false,
C_SJR082,San Joaquin River,,Stream,2,1,2,,SJR082,SJR081,433.974712109888,,,1,1,1,"{1,3,4}",,,false,false,
C_SJR090,San Joaquin River,,Stream,2,1,2,,SJR090,SJR087,4328.68900799953,,,1,1,1,"{1,3,4}",,,false,false,
C_SJR096,San Joaquin River,,Stream,2,1,2,,SJR096,SJR091,7954.73533601585,,,1,1,1,"{1,3,4}",,,false,false,
C_SJR102,San Joaquin River,,,2,1,2,,,,,,,0,1,1,"{1,3,4}",,,false,false,
C_SJR105,San Joaquin River,,Stream,2,1,2,,SJR105,SJR101,6690.66711174396,,,1,1,1,"{1,3,4}",,,false,false,
C_SJR111,San Joaquin River,,Stream,2,1,2,,SJR111,SJR106,7357.9595622524,,,1,1,1,"{1,3,4}",,,false,false,
C_SJR115,San Joaquin River,,Stream,2,1,2,SJR,SJR115,SJR114,2640.25382631199,,,1,1,1,"{1,3,4}",SAN_JOAQUIN,UNIMP_SJ,false,false,stream
C_SJR117,San Joaquin River,,Stream,2,1,2,,SJR117,SJR116,1908.80061008585,,,1,1,1,"{1,3,4}",,,false,false,
C_SJR123,San Joaquin River,,Stream,2,1,2,,SJR123,SJR119,6629.06654957698,,,1,1,1,"{1,3,4}",,,false,false,
C_SJR131,San Joaquin River,,Stream,2,1,2,,SJR131,SJR127,6503.248882581,,,1,1,1,"{1,3,4}",,,false,false,
C_SJR141,San Joaquin River,,Stream,2,1,2,,SJR141,SJR134,11682.3915860436,,,1,1,1,"{1,3,4}",,,false,false,
C_SJR152,San Joaquin River,,Stream,2,1,2,,SJR152,SJR145,10723.0855004231,,,1,1,1,"{1,3,4}",,,false,false,
C_SJR166,San Joaquin River,,Stream,2,1,2,,SJR166,SJR157,15195.0836575284,,,1,1,1,"{1,3,4}",,,false,false,
C_SJR179,San Joaquin River,,Stream,2,1,2,,SJR179,SJR173,9973.25522988949,,,1,1,1,"{1,3,4}",,,false,false,
C_SJR185,San Joaquin River,,Stream,2,1,2,,SJR185,SJR180,8046.73605686957,,,1,1,1,"{1,3,4}",,,false,false,
C_SJR195,San Joaquin River,,Stream,2,1,2,,SJR195,SJR192,4927.01804139812,,,1,1,1,"{1,3,4}",,,false,false,
C_SJR200,San Joaquin River,,Stream,2,1,2,,SJR200,SJR198,3218.6944550385,,,1,1,1,"{1,3,4}",,,false,false,
C_SJR205,"San Joaquin River, flow below bifurcation to Mendota Pool",,Stream,2,1,2,SOD,SJR205,MDOTA,4114.91094389416,,,1,1,1,"{1,3,4}",,,false,false,
C_SJR214,San Joaquin River,,Stream,2,1,2,,SJR214,SJR213,171.128564081629,,,1,1,1,"{1,3,4}",,,false,false,
C_SJR225,San Joaquin River,,Stream,2,1,2,SJR,SJR225,SJR221,6647.82975828583,,,1,1,1,"{1,3,4}",SAN_JOAQUIN,UNIMP_SJ,false,false,stream
C_SJR235,San Joaquin River,,Stream,2,1,2,,SJR235,SJR227,13632.529141613,,,1,1,1,"{1,3,4}",,,false,false,
C_SJR249,San Joaquin River,,Stream,2,1,2,,SJR249,SJR242,11265.4305474335,,,1,1,1,"{1,3,4}",,,false,false,
C_SJR258,San Joaquin River,,Stream,2,1,2,,SJR258,SJR256,3363.68565732413,,,1,1,1,"{1,3,4}",,,false,false,
C_SJR265,San Joaquin River,,Stream,2,1,2,,SJR265,SJR263,2270.86460884232,,,1,1,1,"{1,3,4}",,,false,false,
C_SLC003,South Fork Long Canyon Creek,,Stream,2,1,1,,SLC003,SLC002,79.8460687875082,,,1,1,1,"{1,3,4}",,,false,false,
C_SLF009,Silver Fork American River,,Stream,2,1,1,,SLF009,SFA006,3512.1489766944,,,1,1,1,"{1,3,4}",,,false,false,
C_SLF014,Silver Fork American River,,Stream,2,1,1,,SLF015,SLF010,6180.3054718869,,,1,1,1,"{1,3,4}",,,false,false,
C_SLO007,Salado Creek,,Stream,2,1,2,,SLO007,SLO000,11983.966165418,,,1,1,1,"{1,3,4}",,,false,false,
C_SLT009,Slate Creek,,Stream,2,1,1,,SLT009,SLT008,154.5484990822,,,1,1,1,"{1,3,4}",,,false,false,
C_SLUIS,San Luis Canal,,Canal,2,1,2,,SLUIS,CAA069,3848.50651628725,,,1,1,1,"{1,3,4}",,,false,false,
C_SLV006,Silver Creek,,Stream,2,1,1,,SLV006,SLV005,560.0927245393,,,1,1,1,"{1,3,4}",,,false,false,
C_SLV014,Silver Creek,,Stream,2,1,1,,SLV014,SLV007,13805.0434665177,,,1,1,1,"{1,3,4}",,,false,false,
C_SLV016,Silver Creek,,Stream,2,1,1,,SLV016,SLV015,391.304818035404,,,1,1,1,"{1,3,4}",,,false,false,
C_SLYCK,Lost Creek,,Stream,2,1,1,,SLYCK,LST004,2683.16541535384,,,1,1,1,"{1,3,4}",,,false,false,
C_SPLDG,South Yuba River,,Stream,2,1,1,,SPLDG,SFY041,920.602247762196,,,1,1,1,"{1,3,4}",,,false,false,
C_SSJ001,"South San Joaquin Main Canal, etc",,Canal,2,1,2,,SSJ001,SSJ004,4492.2867174197,,,1,1,1,"{1,3,4}",,,false,false,
C_SSV013,South Fork Silver Creek,,,2,1,1,,,,,,,0,1,1,"{1,3,4}",,,false,false,
C_STC008,,,,2,1,,,,,,,,0,1,1,"{1,3,4}",,,false,false,
C_STC010,,,,2,1,,,,,,,,0,1,1,"{1,3,4}",,,false,false,
C_STH000,South Canal,,Canal,2,1,1,,STH000,STH001,621.622733891164,,,1,1,1,"{1,3,4}",,,false,false,
C_STH001_PCWA,South Canal PCWA,,,2,1,1,,,,,,,0,1,1,"{1,3,4}",,,false,false,
C_STH001_PGE,South Canal PGE,,,2,1,1,,,,,,,0,1,1,"{1,3,4}",,,false,false,
C_STH002,South Canal,,,2,1,1,,,,,,,0,1,1,"{1,3,4}",,,false,false,
C_STH002_PCWA,South Canal PCWA,,,2,1,1,,,,,,,0,1,1,"{1,3,4}",,,false,false,
C_STH002_PGE,South Canal PGE,,,2,1,1,,,,,,,0,1,1,"{1,3,4}",,,false,false,
C_STH003,South Canal,,,2,1,1,,,,,,,0,1,1,"{1,3,4}",,,false,false,
C_STH003_PCWA,South Canal PCWA,,,2,1,1,,,,,,,0,1,1,"{1,3,4}",,,false,false,
C_STH003_PGE,South Canal PGE,,,2,1,1,,,,,,,0,1,1,"{1,3,4}",,,false,false,
C_STH004,South Canal,,Canal,2,1,1,,STH004,STH005,2532.79341327048,,,1,1,1,"{1,3,4}",,,false,false,
C_STH005_PCWA,South Canal PCWA,,,2,1,1,,,,,,,0,1,1,"{1,3,4}",,,false,false,
C_STH005_PGE,South Canal PGE,,,2,1,1,,,,,,,0,1,1,"{1,3,4}",,,false,false,
C_STH007,South Canal,,Stream,2,1,1,,STH007,NFA011,549.011067771326,,,1,1,1,"{1,3,4}",,,false,false,
C_STN004,Stony Creek,,Stream,2,1,1,,STN004,SAC193,5937.77962524744,,,1,1,1,"{1,3,4}",,,false,false,
C_STN014,Stony Creek,,Stream,2,1,1,,STN014,STN009,8046.71993999928,,,1,1,1,"{1,3,4}",,,false,false,
C_STN026,Stony Creek,,Stream,2,1,1,SJR,STN026,STN021,7570.78379045238,,,1,1,1,"{1,3,4}",UPPER_STANISLAUS,UNIMP_ST,false,false,stream
C_STS017,Stanislaus River,,Stream,2,1,2,SJR,STS017,STS011,9443.64147185554,,,1,1,1,"{1,3,4}",UPPER_STANISLAUS,UNIMP_ST,false,false,stream
C_STS030,Stanislaus River,,Stream,2,1,2,,STS030,STS020,16093.4722087246,,,1,1,1,"{1,3,4}",,,false,false,
C_STS043,Stanislaus River,,Stream,2,1,2,,STS043,STS036,11265.4305619097,,,1,1,1,"{1,3,4}",,,false,false,
C_STS050,Stanislaus River,,Stream,2,1,2,,STS050,STS048,3732.59444864253,,,1,1,1,"{1,3,4}",,,false,false,
C_STS058,Stanislaus River,,Stream,2,1,2,,STS058,STS053,8775.19886467872,,,1,1,1,"{1,3,4}",,,false,false,
C_STS060,Stanislaus River,,Stream,2,1,2,,STS060,STS059,2587.82413538541,,,1,1,1,"{1,3,4}",,,false,false,
C_STS085,Stanislaus River,,Stream,2,1,2,,STS085,STS072,20464.5028051781,,,1,1,1,"{1,3,4}",,,false,false,
C_STS091,Stanislaus River,,Stream,2,1,2,,STS091,STS090,705.377880998462,,,1,1,1,"{1,3,4}",,,false,false,
C_SVRWD,,,,2,1,,,,,,,,0,1,1,"{1,3,4}",,,false,false,
C_SYC000,South Yuba Canal,,Canal,2,1,1,,SYC000,SYC001,1047.72322517475,,,1,1,1,"{1,3,4}",,,false,false,
C_SYC001_PGE,South Yuba Canal PGE,,,2,1,1,,,,,,,0,1,1,"{1,3,4}",,,false,false,
C_SYC002,South Yuba Canal,,Canal,2,1,1,,SYC002,SYC003,112.783234181819,,,1,1,1,"{1,3,4}",,,false,false,
C_SYC003_PGE,South Yuba Canal PGE,,,2,1,1,,,,,,,0,1,1,"{1,3,4}",,,false,false,
C_SYC020,South Fork Deer Creek,,Canal,2,1,1,,SYC020,SFD003,119.44022660621,,,1,1,1,"{1,3,4}",,,false,false,
C_TCC001,Tehama Colusa Canal,,Canal,2,1,1,,TCC001,TCC022,34607.775075432,,,1,1,1,"{1,3,4}",,,false,false,
C_TCC031,Tehama Colusa Canal,,Canal,2,1,1,,TCC031,TCC036,8046.71995449497,,,1,1,1,"{1,3,4}",,,false,false,
C_TCC062,Tehama Colusa Canal,,Canal,2,1,1,,TCC062,TCC066,6207.04060428468,,,1,1,1,"{1,3,4}",,,false,false,
C_TCC081,Tehama Colusa Canal,,Canal,2,1,1,,TCC081,TCC085,7163.35324887844,,,1,1,1,"{1,3,4}",,,false,false,
C_TFR000,"Texas, Fall, and Rucker Creeks",,Stream,2,1,1,,TFR000,SFY033,6629.30144472335,,,1,1,1,"{1,3,4}",,,false,false,
C_TGC002,Tiger Creek,,Stream,2,1,2,,TGC002,NFM012,3154.25453792644,,,1,1,1,"{1,3,4}",,,false,false,
C_TGR000,Tiger Creek Regulatory Canal (MokAque),,Canal,2,1,2,,TGR000,TGR001,273.552518024825,,,1,1,1,"{1,3,4}",,,false,false,
C_TGR002,Tiger Creek Regulatory Canal (MokAque),,Canal,2,1,2,,TGR002,TGR006,7396.81340154486,,,1,1,1,"{1,3,4}",,,false,false,
C_TGR021,Tiger Creek Powerhouse Tailrace,,Stream,2,1,2,,TGR021,NFM011,76.3794807034542,,,1,1,1,"{1,3,4}",,,false,false,
C_THM012,Thomes Creek,,Stream,2,1,1,,THM012,THM005,11265.4078795498,,,1,1,1,"{1,3,4}",,,false,false,
C_THM021,Thomes Creek,,Stream,2,1,1,,THM021,THM017,6437.37594680442,,,1,1,1,"{1,3,4}",,,false,false,
C_THM028,Thomes Creek,,Stream,2,1,1,,THM028,THM026,2890.19239920237,,,1,1,1,"{1,3,4}",,,false,false,
C_THRMF,Power Canal,,Canal,2,1,1,,THRMF,THRMA,2829.00486512312,,,1,1,1,"{1,3,4}",,,false,false,
C_TRNSF,Los Vaqueros Pipeline,,Canal,2,1,1,,TRNSF,LVP007,11362.0542383403,,,1,1,1,"{1,3,4}",,,false,false,
C_TTC000,Toadtown Canal,,Canal,2,1,1,,TTC000,TTC002,3576.09695368081,,,1,1,1,"{1,3,4}",,,false,false,
C_TULOC,Stanislaus River,,Stream,2,1,2,,TULOC,STS060,340.000859262911,,,1,1,1,"{1,3,4}",,,false,false,
C_TUO004,Tuolumne River,,Stream,2,1,2,,TUO004,TUO003,1180.73851192587,,,1,1,1,"{1,3,4}",,,false,false,
C_TUO015,Tuolumne River,,Stream,2,1,2,,TUO015,TUO010,8046.73606807605,,,1,1,1,"{1,3,4}",,,false,false,
C_TUO022,Tuolumne River,,Stream,2,1,2,,TUO022,TUO017,8671.03480652869,,,1,1,1,"{1,3,4}",,,false,false,
C_TUO036,Tuolumne River,,Stream,2,1,2,,TUO036,TUO030,9656.08324268887,,,1,1,1,"{1,3,4}",,,false,false,
C_TUO047,Tuolumne River,,Stream,2,1,2,,TUO047,TUO043,6437.3887999914,,,1,1,1,"{1,3,4}",,,false,false,
C_TUO054,Tuolumne River,,Stream,2,1,2,,TUO054,TUO053,684.116429528325,,,1,1,1,"{1,3,4}",,,false,false,
C_TUO081,Tuolumne River,,Stream,2,1,2,,TUO081,TUO073,13688.7819250785,,,1,1,1,"{1,3,4}",,,false,false,
C_TUO096,Tuolumne River,,Stream,2,1,2,,TUO096,TUO091,8792.36955725261,,,1,1,1,"{1,3,4}",,,false,false,
C_TUO102,Tuolumne River,,Stream,2,1,2,,TUO102,TUO097,8640.5024920332,,,1,1,1,"{1,3,4}",,,false,false,
C_TUO104,Tuolumne River,,Stream,2,1,2,,TUO104,TUO103,823.272935596875,,,1,1,1,"{1,3,4}",,,false,false,
C_TUO106,Tuolumne River,,Stream,2,1,2,,TUO106,TUO105,1091.43300830873,,,1,1,1,"{1,3,4}",,,false,false,
C_TUR001,Turlock Main Canal,,Canal,2,1,2,,TUR001,TRLCK,18231.9380361174,,,1,1,1,"{1,3,4}",,,false,false,
C_UBEAR,,,Stream,2,1,2,,UBEAR,LBEAR,4295.89205362892,,,1,1,1,"{1,3,4}",,,false,false,
C_UNVLY,Silver Creek,,Stream,2,1,1,,UNVLY,SLV017,402.151308304758,,,1,1,1,"{1,3,4}",,,false,false,
C_VLW008,Volta Wasteway,,Canal,2,1,2,,VLW008,LBN012,6608.31122435903,,,1,1,1,"{1,3,4}",,,false,false,
C_WBF015,West Branch Feather River,,Stream,2,1,1,,WBF015,WBF006,14873.3778982285,,,1,1,1,"{1,3,4}",,,false,false,
C_WBF039,West Branch Feather River,,Stream,2,1,1,,WBF039,WBF030,15381.9602026423,,,1,1,1,"{1,3,4}",,,false,false,
C_WEC000,Western Canal,,Canal,2,1,1,,WEC000,WEC005,8046.99999027817,,,1,1,1,"{1,3,4}",,,false,false,
C_WKYTN_DELTA,Clear Creek Delta,,,2,1,1,,,,,,,0,1,1,"{1,3,4}",,,false,false,
C_WLF013,Wolf Creek,,Stream,2,1,1,,WLF013,BRR031,20898.5941994006,,,1,1,1,"{1,3,4}",,,false,false,
C_WLF021,Wolf Creek,,Stream,2,1,1,,WLF021,WLF017,6645.1571631476,,,1,1,1,"{1,3,4}",,,false,false,
C_WSE004,Wise Canal,,Canal,2,1,1,,WSE004,WSE008,7537.07914265657,,,1,1,1,"{1,3,4}",,,false,false,
C_WWC006,Wadsworth Canal,,Canal,2,1,1,,WWC006,SBP028,10485.9028587873,,,1,1,1,"{1,3,4}",,,false,false,
C_XCC010,Main Canal,,Canal,2,1,2,,XCC010,XCC025,24650.0715343232,,,1,1,1,"{1,3,4}",,,false,false,
C_XCC033,Main Canal,,Canal,2,1,2,,XCC033,XCC043,15524.6471132173,,,1,1,1,"{1,3,4}",,,false,false,
C_XCC053,Main Canal,,Canal,2,1,2,,XCC053,XCC054,1470.87328390257,,,1,1,1,"{1,3,4}",,,false,false,
C_YBP007,Yolo Bypass,,Bypass,2,1,1,,YBP007,YBP002,8046.73613635105,,,1,1,1,"{1,3,4}",,,false,false,
C_YBP014,Yolo Bypass,,Bypass,2,1,1,,YBP014,YBP011,4828.04164403989,,,1,1,1,"{1,3,4}",,,false,false,
C_YBP020,Yolo Bypass inflow to Delta,,Bypass,2,1,1,DELTA,YBP020,YBP016,6321.06947604486,,,1,1,1,"{1,3,4}",SAC_LOWER,UNIMP_SRBB,false,false,stream
C_YBP026,Yolo Bypass,,Bypass,2,1,1,,YBP026,YBP023,4231.36776281557,,,1,1,1,"{1,3,4}",,,false,false,
C_YBP034,Yolo Bypass,,Bypass,2,1,1,,YBP034,YBP032,4002.78981253724,,,1,1,1,"{1,3,4}",,,false,false,
C_YUB002,Yuba River,,Stream,2,1,1,SAC,YUB002,FTR028,3118.04331773276,,,1,1,1,"{1,3,4}",YUBA_RIVER,UNIMP_YUBA,true,true,stream
C_YUB006,Yuba River,,Stream,2,1,1,,YUB006,YUB003,4828.03203248246,,,1,1,1,"{1,3,4}",,,false,false,
C_YUB013,Yuba River,,Stream,2,1,1,,YUB013,YUB011,2724.39253730441,,,1,1,1,"{1,3,4}",,,false,false,
C_YUB022,Yuba River,,Stream,2,1,1,,YUB022,YUB014,13562.7358852987,,,1,1,1,"{1,3,4}",,,false,false,
C_YUB024,Yuba River,,Stream,2,1,1,,YUB024,YUB023,858.66209053447,,,1,1,1,"{1,3,4}",,,false,false,
C_YUB034,Yuba River/North Yuba River,,Stream,2,1,1,,YUB034,YUB030,5016.03052883004,,,1,1,1,"{1,3,4}",,,false,false,
C_ISF001_OMR027,C_ISF001_OMR027,Interior SF Bay / Old-Middle River junction,Delta interior flow junction — Old River / Middle River confluence,2,1,1,DELTA,ISF001_OMR027,,,,,0,0,1,"{1,3,4}",,,false,false,stream
C_CAA003,C_CAA003,California Aqueduct at Harvey O. Banks PP,,2,1,1,SJR,CAA003,,,,,1,0,1,"{1,3,4}",,,false,false,canal
C_CLV004,C_CLV004,Calaveras River,,2,1,1,SJR,CLV004,,,,,1,0,1,"{1,3,4}",,,false,false,canal
C_DMC000,C_DMC000,Delta-Mendota Canal,,2,1,1,SJR,DMC000,,,,,1,0,1,"{1,3,4}",,,false,false,canal
C_EBP016,C_EBP016,Eastside Bypass at Fresno River confluence,,2,1,1,SJR,EBP016,,,,,1,0,1,"{1,3,4}",SAN_JOAQUIN,UNIMP_SJ,false,false,stream
C_FOLSM,C_FOLSM,American River at Folsom Dam,,2,1,1,SAC,FOLSM,,,,,1,0,1,"{1,3,4}",UPPER_AMERICAN,UNIMP_FOLS,false,false,reservoir_release
C_FTR003,C_FTR003,Feather River,,2,1,1,SAC,FTR003,,,,,1,0,1,"{1,3,4}",UPPER_FEATHER,UNIMP_OROV,true,true,stream
C_FTR012,C_FTR012,Feather River at Bear River confluence,,2,1,1,SAC,FTR012,,,,,1,0,1,"{1,3,4}",UPPER_FEATHER,UNIMP_OROV,false,false,stream
C_FTR028,C_FTR028,Feather River at Yuba River confluence,,2,1,1,SAC,FTR028,,,,,1,0,1,"{1,3,4}",UPPER_FEATHER,UNIMP_OROV,false,false,stream
C_FTR059,C_FTR059,Feather River at Thermalito Afterbay Outlet,,2,1,1,SAC,FTR059,,,,,1,0,1,"{1,3,4}",UPPER_FEATHER,UNIMP_OROV,true,false,stream
C_MELON,C_MELON,Stanislaus River at New Melones Dam,,2,1,1,SJR,MELON,,,,,1,0,1,"{1,3,4}",UPPER_STANISLAUS,UNIMP_ST,false,false,reservoir_release
C_MOK019,C_MOK019,Mokelumne River,,2,1,1,SJR,MOK019,,,,,1,0,1,"{1,3,4}",UPPER_MOKELUMNE,,false,false,stream
C_MOK028,C_MOK028,Mokelumne River,,2,1,1,SJR,MOK028,,,,,1,0,1,"{1,3,4}",UPPER_MOKELUMNE,,true,true,stream
C_NTOMA,C_NTOMA,American River at Lake Natoma / Folsom South Canal,,2,1,1,SAC,NTOMA,,,,,1,0,1,"{1,3,4}",UPPER_AMERICAN,UNIMP_FOLS,true,false,stream
C_SAC029B,C_SAC029B,Sacramento River,,2,1,1,SAC,SAC029B,,,,,1,0,1,"{1,3,4}",SAC_LOWER,UNIMP_SRBB,false,false,stream
C_SAC048,C_SAC048,Sacramento River,,2,1,1,SAC,SAC048,,,,,1,0,1,"{1,3,4}",SAC_LOWER,UNIMP_SRBB,false,false,stream
C_SAC085,C_SAC085,Sacramento River at Knights Landing,,2,1,1,SAC,SAC085,,,,,1,0,1,"{1,3,4}",SAC_LOWER,UNIMP_SRBB,false,false,stream
C_SAC240,C_SAC240,Sacramento River at Red Bluff Diversion Dam,,2,1,1,SAC,SAC240,,,,,1,0,1,"{1,3,4}",SAC_LOWER,UNIMP_SRBB,false,false,stream
C_SAC257,C_SAC257,Sacramento River above Bend Bridge near Red Bluff,,2,1,1,SAC,SAC257,,,,,1,0,1,"{1,3,4}",SAC_LOWER,UNIMP_SRBB,true,true,stream
C_SAC289,C_SAC289,Sacramento River at South Bonnieville Pumping Plant,,2,1,1,SAC,SAC289,,,,,1,0,1,"{1,3,4}",SAC_UPPER,UNIMP_SHAS,true,true,stream
C_SJR127,C_SJR127,San Joaquin River at Salt Slough confluence,,2,1,1,SJR,SJR127,,,,,1,0,1,"{1,3,4}",SAN_JOAQUIN,UNIMP_SJ,true,true,stream
C_SJR180,C_SJR180,San Joaquin River at Sack Dam diversion,,2,1,1,SJR,SJR180,,,,,1,0,1,"{1,3,4}",SAN_JOAQUIN,UNIMP_SJ,false,false,stream
C_SSL001,C_SSL001,Sutter Bypass at Sacramento Slough confluence,,2,1,1,SAC,SSL001,,,,,1,0,1,"{1,3,4}",SAC_LOWER,UNIMP_SRBB,false,false,stream
C_STS004,C_STS004,Stanislaus River,,2,1,1,SJR,STS004,,,,,1,0,1,"{1,3,4}",UPPER_STANISLAUS,UNIMP_ST,false,false,stream
C_STS011,C_STS011,Stanislaus River,,2,1,1,SJR,STS011,,,,,1,0,1,"{1,3,4}",UPPER_STANISLAUS,UNIMP_ST,true,true,stream
C_STS059,C_STS059,Stanislaus River,,2,1,1,SJR,STS059,,,,,1,0,1,"{1,3,4}",UPPER_STANISLAUS,UNIMP_ST,true,false,stream
C_TRN111,C_TRN111,Trinity River at Lewiston,,2,1,1,NC,TRN111,,,,,1,0,1,"{1,3,4}",TRINITY_RIVER,UNIMP_TRIN,true,true,stream
C_TRNTY,C_TRNTY,Trinity River at Trinity Dam (Clair Engle Lake),,2,1,1,NC,TRNTY,,,,,1,0,1,"{1,3,4}",TRINITY_RIVER,UNIMP_TRIN,false,false,reservoir_release
C_TUO003,C_TUO003,Tuolumne River,,2,1,1,SJR,TUO003,,,,,1,0,1,"{1,3,4}",UPPER_TUOLUMNE,UNIMP_TU,true,true,stream
C_WKYTN,C_WKYTN,Clear Creek at Whiskeytown Dam,,2,1,1,SAC,WKYTN,,,,,1,0,1,"{1,3,4}",CLEAR_CREEK,UNIMP_WH,false,false,reservoir_release
