id,reservoir_group_id,reservoir_entity_id,display_order,is_active,created_at,created_by,updated_at,updated_by
1,1,66,1,True,2024-01-01 00:00:00,1,2024-01-01 00:00:00,1
2,1,79,2,True,2024-01-01 00:00:00,1,2024-01-01 00:00:00,1
3,1,56,3,True,2024-01-01 00:00:00,1,2024-01-01 00:00:00,1
4,1,26,4,True,2024-01-01 00:00:00,1,2024-01-01 00:00:00,1
5,1,49,5,True,2024-01-01 00:00:00,1,2024-01-01 00:00:00,1
6,1,51,6,True,2024-01-01 00:00:00,1,2024-01-01 00:00:00,1
7,1,70,7,True,2024-01-01 00:00:00,1,2024-01-01 00:00:00,1
8,1,71,8,True,2024-01-01 00:00:00,1,2024-01-01 00:00:00,1
9,2,66,1,True,2024-01-01 00:00:00,1,2024-01-01 00:00:00,1
10,2,79,2,True,2024-01-01 00:00:00,1,2024-01-01 00:00:00,1
11,2,26,3,True,2024-01-01 00:00:00,1,2024-01-01 00:00:00,1
12,2,49,4,True,2024-01-01 00:00:00,1,2024-01-01 00:00:00,1
13,2,51,5,True,2024-01-01 00:00:00,1,2024-01-01 00:00:00,1
14,2,70,6,True,2024-01-01 00:00:00,1,2024-01-01 00:00:00,1
15,3,56,1,True,2024-01-01 00:00:00,1,2024-01-01 00:00:00,1
16,3,71,2,True,2024-01-01 00:00:00,1,2024-01-01 00:00:00,1
17,4,66,1,True,2024-01-01 00:00:00,1,2024-01-01 00:00:00,1
18,4,79,2,True,2024-01-01 00:00:00,1,2024-01-01 00:00:00,1
19,4,56,3,True,2024-01-01 00:00:00,1,2024-01-01 00:00:00,1
20,4,26,4,True,2024-01-01 00:00:00,1,2024-01-01 00:00:00,1
21,4,49,5,True,2024-01-01 00:00:00,1,2024-01-01 00:00:00,1
22,4,51,6,True,2024-01-01 00:00:00,1,2024-01-01 00:00:00,1
23,4,70,7,True,2024-01-01 00:00:00,1,2024-01-01 00:00:00,1
24,4,71,8,True,2024-01-01 00:00:00,1,2024-01-01 00:00:00,1
