id,du_id,wba_id,hydrologic_region,dups,du_class,cs3_type,total_acres,polygon_count,source,model_source,agency,provider,gw,sw,point_of_diversion,diversion_arc,river_reach,river_mile_start,river_mile_end,bank,area_acres,annual_diversion_taf,demand_unit,table_id,has_gis_data,is_active,created_at,created_by,updated_at,updated_by,hydrologic_region_id,model_source_id
1,02_NA,02,SAC,0,Agriculture,,139928.72,2,"geopackage,calsim_report",calsim3,Non-district,,True,True,"Cottonwood Creek, Sacramento River",D_SAC281_02_NA,Keswick to Bend Bridge,299.00,257.00,Right,800.00,1.00,02_NA,,True,True,2026-02-05 02:38:52.517047+00:00,2,2026-03-14 22:18:34.503785+00:00,2,1,1
2,02_SA,02,SAC,0,Agriculture,SA,23866.22,3,"geopackage,calsim_report",calsim3,"Anderson-Cottonwood ID, misc. settlement contractors",CVP,True,True,Sacramento River,,,,,,,,02_SA,,True,True,2026-02-05 02:38:52.517047+00:00,2,2026-03-14 22:18:34.503785+00:00,2,1,1
3,02_PA,02,SAC,0,Agriculture,PA,17916.50,1,"geopackage,calsim_report",calsim3,Clear Creek CSD,CVP,True,True,Whiskeytown Lake,,,,,,,,02_PA,,True,True,2026-02-05 02:38:52.517047+00:00,2,2026-03-14 22:18:34.503785+00:00,2,1,1
4,03_NA,03,SAC,0,Agriculture,,137800.82,2,"geopackage,calsim_report",calsim3,Non-district,,True,True,"Cow Creek, Battle Creek, Sacramento River",D_SAC273_03_NA,Keswick to Bend Bridge,299.00,257.00,Left,2200.00,5.00,03_NA,,True,True,2026-02-05 02:38:52.517047+00:00,2,2026-03-14 22:18:34.503785+00:00,2,1,1
5,03_SA,03,SAC,0,Agriculture,SA,3650.70,2,"geopackage,calsim_report",calsim3,"Anderson-Cottonwood ID, misc. settlement contractors",CVP,True,True,Sacramento River,,,,,,,,03_SA,,True,True,2026-02-05 02:38:52.517047+00:00,2,2026-03-14 22:18:34.503785+00:00,2,1,1
6,03_PA,03,SAC,0,Agriculture,PA,31015.70,1,"geopackage,calsim_report",calsim3,Bella Vista WD,CVP,True,True,Sacramento River via Wintu Pumping Plant,,,,,,,,03_PA,,True,True,2026-02-05 02:38:52.517047+00:00,2,2026-03-14 22:18:34.503785+00:00,2,1,1
7,04_NA,04,SAC,0,Agriculture,,443810.12,17,"geopackage,calsim_report",calsim3,Non-district including misc. settlement contractors,,True,True,"Elder Creek, Thomes Creek, Sacramento River",,,,,,,,04_NA,,True,True,2026-02-05 02:38:52.517047+00:00,2,2026-03-14 22:18:34.503785+00:00,2,1,1
8,04_PA1,04,SAC,0,Agriculture,PA,17980.09,3,"geopackage,calsim_report",calsim3,"Corning WD, Proberta WD, Thomes Creek WD",CVP,True,True,Corning Canal,,,,,,,,04_PA1,,True,True,2026-02-05 02:38:52.517047+00:00,2,2026-03-14 22:18:34.503785+00:00,2,1,1
9,04_PA2,04,SAC,0,Agriculture,PA,1151.79,1,"geopackage,calsim_report",calsim3,Kirkwood WD,CVP,True,True,Tehama-Colusa Canal,,,,,,,,04_PA2,,True,True,2026-02-05 02:38:52.517047+00:00,2,2026-03-14 22:18:34.503785+00:00,2,1,1
10,05_NA,05,SAC,0,Agriculture,,167231.26,5,"geopackage,calsim_report",calsim3,"Los Molinos MWC, non-district including misc.",CVP,True,True,"Antelope Creek, Mill Creek, Deer Creek, Sacramento River",,,,,,,,05_NA,,True,True,2026-02-05 02:38:52.517047+00:00,2,2026-03-14 22:18:34.503785+00:00,2,1,1
11,06_NA,06,SAC,0,Agriculture,,11100.09,1,"geopackage,calsim_report",calsim3,Non-district,,True,False,,,,,,,,,06_NA,,True,True,2026-02-05 02:38:52.517047+00:00,2,2026-03-14 22:18:34.503785+00:00,2,1,1
12,06_PA,06,SAC,0,Agriculture,PA,25168.26,1,"geopackage,calsim_report",calsim3,Orland Unit WUA,Reclamation,True,True,"Stony Creek, via North and South canals",,,,,,,,06_PA,,True,True,2026-02-05 02:38:52.517047+00:00,2,2026-03-14 22:18:34.503785+00:00,2,1,1
13,07N_NA,07N,SAC,0,Agriculture,,225644.88,3,"geopackage,calsim_report",calsim3,Non-district,,True,False,,,,,,,,,07N_NA,,True,True,2026-02-05 02:38:52.517047+00:00,2,2026-03-14 22:18:34.503785+00:00,2,1,1
14,07N_PA,07N,SAC,0,Agriculture,PA,58572.02,4,"geopackage,calsim_report",calsim3,"Glide WD, Holthouse WD (65% of total), Kanawha WD, Orland- Artois WD",CVP,True,True,Tehama-Colusa Canal,,,,,,,,07N_PA,,True,True,2026-02-05 02:38:52.517047+00:00,2,2026-03-14 22:18:34.503785+00:00,2,1,1
15,07S_NA,07S,SAC,0,Agriculture,,296733.32,7,"geopackage,calsim_report",calsim3,Non-district,,True,False,,,,,,,,,07S_NA,,True,True,2026-02-05 02:38:52.517047+00:00,2,2026-03-14 22:18:34.503785+00:00,2,1,1
16,CVP,,SAC,,Agriculture,,,0,calsim_report,calsim3,,,True,True,Tehama-Colusa Canal,,,,,,,,CVP,,False,True,2026-02-05 02:38:52.517047+00:00,2,2026-03-14 22:18:34.503785+00:00,2,1,1
17,08N_NA,08N,SAC,0,Agriculture,,34040.70,3,"geopackage,calsim_report",calsim3,Non-district,,True,True,Sacramento River,D_SAC185_08N_NA,Glenn-Colusa Irrigation District Intake to Hamilton Bend,207.00,154.00,Right,7200.00,14.00,08N_NA,,True,True,2026-02-05 02:38:52.517047+00:00,2,2026-03-14 22:18:34.503785+00:00,2,1,1
18,08N_PA,08N,SAC,0,Agriculture,PA,4491.15,1,"geopackage,calsim_report",calsim3,Colusa Drain MWC (8% of total),CVP,True,True,Colusa Basin Drain,,,,,,,,08N_PA,,True,True,2026-02-05 02:38:52.517047+00:00,2,2026-03-14 22:18:34.503785+00:00,2,1,1
19,08N_SA1,08N,SAC,0,Agriculture,SA,37604.98,9,"geopackage,calsim_report",calsim3,"Maxwell ID (5% of total), Princeton-Codora-Glenn ID, Provident ID, misc. settlement contractors",CVP,True,True,Sacramento River,,,,,,,,08N_SA1,,True,True,2026-02-05 02:38:52.517047+00:00,2,2026-03-14 22:18:34.503785+00:00,2,1,1
20,08N_SA2,08N,SAC,0,Agriculture,SA,84015.08,2,"geopackage,calsim_report",calsim3,Glenn-Colusa ID (55% of total),CVP,True,True,Glenn-Colusa Canal,,,,,,,,08N_SA2,,True,True,2026-02-05 02:38:52.517047+00:00,2,2026-03-14 22:18:34.503785+00:00,2,1,1
21,08S_NA1,08S,SAC,0,Agriculture,,19453.06,2,"geopackage,calsim_report",calsim3,Non-district,,True,True,Sacramento River,D_SAC146_08S_NA1,Hamilton Bend to Sycamore Slough,154.00,134.00,Right,15600.00,8.00,08S_NA1,,True,True,2026-02-05 02:38:52.517047+00:00,2,2026-03-14 22:18:34.503785+00:00,2,1,1
22,08S_NA2,08S,SAC,0,Agriculture,,18221.16,3,"geopackage,calsim_report",calsim3,Non-district,,True,True,Sacramento River,D_SAC129_08S_NA2,Sycamore Slough to Colusa Basin Drain Outfall,134.00,93.00,Right,,21.00,08S_NA2,,True,True,2026-02-05 02:38:52.517047+00:00,2,2026-03-14 22:18:34.503785+00:00,2,1,1
23,08S_PA,08S,SAC,0,Agriculture,PA,36083.85,1,"geopackage,calsim_report",calsim3,Colusa Drain MWC (70% of total),CVP,True,True,Colusa Basin Drain,,,,,,,,08S_PA,,True,True,2026-02-05 02:38:52.517047+00:00,2,2026-03-14 22:18:34.503785+00:00,2,1,1
24,08S_SA1,08S,SAC,0,Agriculture,SA,18436.89,15,"geopackage,calsim_report",calsim3,"Maxwell ID (95% of total), Sycamore Family Trust, misc. settlement contractors",CVP,True,True,"Sacramento River, Colusa Basin Drain CalSim 3 Main Report",,,,,,,,08S_SA1,,True,True,2026-02-05 02:38:52.517047+00:00,2,2026-03-14 22:18:34.503785+00:00,2,1,1
25,08S_SA2,08S,SAC,0,Agriculture,SA,73124.86,1,"geopackage,calsim_report",calsim3,Glenn-Colusa ID (45% of total),CVP,True,True,Glenn-Colusa Canal,,,,,,,,08S_SA2,,True,True,2026-02-05 02:38:52.517047+00:00,2,2026-03-14 22:18:34.503785+00:00,2,1,1
26,08S_SA3,08S,SAC,0,Agriculture,SA,66224.91,2,"geopackage,calsim_report",calsim3,"RD 108, River Garden Farms, misc. settlement contractors",CVP,True,True,Sacramento River,,,,,,,,08S_SA3,,True,True,2026-02-05 02:38:52.517047+00:00,2,2026-03-14 22:18:34.503785+00:00,2,1,1
27,09_NA,09,SAC,0,Agriculture,,59130.03,4,"geopackage,calsim_report",calsim3,"Llano Seco Ranch (formerly Parrot Ranch), Dayton MWC, non- district",,True,True,"Sacramento River, Butte Creek",D_SAC185_09_NA,Big Chico Creek to Butte Slough Outfall Gates,196.00,141.00,Left,5300.00,14.00,09_NA,,True,True,2026-02-05 02:38:52.517047+00:00,2,2026-03-14 22:18:34.503785+00:00,2,1,1
28,09_SA1,09,SAC,0,Agriculture,SA,7967.74,1,"geopackage,calsim_report",calsim3,Pacific Realty Associates (formerly M&T Chico Ranch),CVP,True,True,"Sacramento River, Butte Creek",,,,,,,,09_SA1,,True,True,2026-02-05 02:38:52.517047+00:00,2,2026-03-14 22:18:34.503785+00:00,2,1,1
29,09_SA2,09,SAC,0,Agriculture,SA,29627.14,19,"geopackage,calsim_report",calsim3,"RD 1004, Carter MWC, Jack Baber, misc. settlement contractors",CVP,True,True,"Sacramento River, Butte Creek",,,,,,,,09_SA2,,True,True,2026-02-05 02:38:52.517047+00:00,2,2026-03-14 22:18:34.503785+00:00,2,1,1
30,10_NA,10,SAC,-1,Agriculture,,107819.27,6,"geopackage,calsim_report",calsim3,"Rancho Esquon, Durham MWC, non-district",,True,True,Butte Creek,,,,,,,,10_NA,,True,True,2026-02-05 02:38:52.517047+00:00,2,2026-03-14 22:18:34.503785+00:00,2,1,1
31,11_NA,11,SAC,-1,Agriculture,,51650.18,5,"geopackage,calsim_report",calsim3,"Sutter Butte MWC, non-district",,True,True,"DWR Pump Station No. 2, Sutter Bypass",,,,,,,,11_NA,,True,True,2026-02-05 02:38:52.517047+00:00,2,2026-03-14 22:18:34.503785+00:00,2,1,1
32,11_SA1,11,SAC,-1,Agriculture,SA,60067.23,1,"geopackage,calsim_report",calsim3,Western Canal WD,SWP,True,True,Thermalito Afterbay via Western Canal and PG&E lateral,,Sutter Extension Water District to Fish Barrier Dam,37.90,67.00,Right,5300.00,0.00,11_SA1,,True,True,2026-02-05 02:38:52.517047+00:00,2,2026-03-14 22:18:34.503785+00:00,2,1,1
33,11_SA2,11,SAC,-1,Agriculture,SA,33778.19,1,"geopackage,calsim_report",calsim3,Richvale ID,SWP,True,True,Thermalito Afterbay via Richvale and Sutter-Butte canals,,,,,,,,11_SA2,,True,True,2026-02-05 02:38:52.517047+00:00,2,2026-03-14 22:18:34.503785+00:00,2,1,1
34,11_SA3,11,SAC,-1,Agriculture,SA,60772.82,2,"geopackage,calsim_report",calsim3,"Biggs-West Gridley WD, Butte WD",SWP,True,True,Thermalito Afterbay via Sutter-Butte Canal,,,,,,,,11_SA3,,True,True,2026-02-05 02:38:52.517047+00:00,2,2026-03-14 22:18:34.503785+00:00,2,1,1
35,11_SA4,11,SAC,-1,Agriculture,SA,26271.33,1,"geopackage,calsim_report",calsim3,Sutter Extension WD,SWP,True,True,Thermalito Afterbay via Sutter-Butte Canal and Sunset Pumps,,,,,,,,11_SA4,,True,True,2026-02-05 02:38:52.517047+00:00,2,2026-03-14 22:18:34.503785+00:00,2,1,1
36,12_NA,12,SAC,-1,Agriculture,,31349.95,1,"geopackage,calsim_report",calsim3,Non-district,,True,True,Irrigation return flow from South Feather Water and Power Agency,,,,,,,,12_NA,,True,True,2026-02-05 02:38:52.517047+00:00,2,2026-03-14 22:18:34.503785+00:00,2,1,1
37,12_SA,,SAC,,Agriculture,,,0,calsim_report,calsim3,Misc. FRSA diverters,,False,True,Feather River,D_FTR059_12_SA,Honcut Creek to Fish Barrier Dam,44.80,67.00,Left,2500.00,6.00,12_SA,,False,True,2026-02-05 02:38:52.517047+00:00,2,2026-03-14 22:18:34.503785+00:00,2,1,1
38,13_NA,13,SAC,-1,Agriculture,,61567.80,2,"geopackage,calsim_report",calsim3,"South Feather Water and Power Agency, Yuba County WD",,True,True,"South Fork Feather, Lost Creek Non-district N/A • - N/A",,,,,,,,13_NA,,True,True,2026-02-05 02:38:52.517047+00:00,2,2026-03-14 22:18:34.503785+00:00,2,1,1
39,14_NA,14,SAC,-1,Agriculture,,71631.09,4,"geopackage,calsim_report",calsim3,Browns Valley ID,Browns Valley ID,True,True,"Yuba River, French Dry Creek",,,,,,,,14_NA,,True,True,2026-02-05 02:38:52.517047+00:00,2,2026-03-14 22:18:34.503785+00:00,2,1,1
40,15N_NA1,15N,SAC,-1,Agriculture,,18957.19,2,"geopackage,calsim_report",calsim3,Non-district,,True,False,,,,,,,,,15N_NA1,,True,True,2026-02-05 02:38:52.517047+00:00,2,2026-03-14 22:18:34.503785+00:00,2,1,1
41,15N_NA2,15N,SAC,-1,Agriculture,,29341.95,3,"geopackage,calsim_report",calsim3,"Cordua ID, Hallwood ID, Ramirez WD",Yuba WA,True,True,Lower Yuba River at Daguerre Point Dam,,,,,,,,15N_NA2,,True,True,2026-02-05 02:38:52.517047+00:00,2,2026-03-14 22:18:34.503785+00:00,2,1,1
42,15N_SA,15N,SAC,-1,Agriculture,SA,672.19,1,"geopackage,calsim_report",calsim3,Misc. FRSA diverters,,False,True,Feather River,D_FTR045_15N_SA,Yuba River to Honcut Creek,27.70,44.80,Left,1900.00,4.00,15N_SA,,True,True,2026-02-05 02:38:52.517047+00:00,2,2026-03-14 22:18:34.503785+00:00,2,1,1
43,15S_SA,15S,SAC,-1,Agriculture,SA,6012.81,1,"geopackage,calsim_report",calsim3,"Plumas MWC, misc. FRSA diverters",SWP,True,True,Feather River,D_FTR028_15S_SA,Yuba/Sutter county line to Yuba River,10.80,27.70,Left,1400.00,1.00,15S_SA,,True,True,2026-02-05 02:38:52.517047+00:00,2,2026-03-14 22:18:34.503785+00:00,2,1,1
44,15S_NA1,15S,SAC,-1,Agriculture,,50602.44,4,"geopackage,calsim_report",calsim3,Non-district,,True,False,,,,,,,,,15S_NA1,,True,True,2026-02-05 02:38:52.517047+00:00,2,2026-03-14 22:18:34.503785+00:00,2,1,1
45,15S_NA2,15S,SAC,-1,Agriculture,,42823.90,4,"geopackage,calsim_report",calsim3,"Brophy WD, Dry Creek MWC, South Yuba WD, Wheatland WD",Yuba WA,True,True,Lower Yuba River at Daguerre Point Dam,,,,,,,,15S_NA2,,True,True,2026-02-05 02:38:52.517047+00:00,2,2026-03-14 22:18:34.503785+00:00,2,1,1
46,16_NA1,16,SAC,-1,Agriculture,,28259.46,15,"geopackage,calsim_report",calsim3,Non-district,,True,False,,,,,,,,,16_NA1,,True,True,2026-02-05 02:38:52.517047+00:00,2,2026-03-14 22:18:34.503785+00:00,2,1,1
47,16_NA2,16,SAC,-1,Agriculture,,10657.83,21,"geopackage,calsim_report",calsim3,Non-district,,True,False,East Borrow Canal Chapter 3: Demand Units August 2022 – 3-11 Table 3-3. Agricultural Demand Units in Sacramento River Hydrologic Region (contd.) Demand Unit Water District or Agency Water Provider Water Source,,,,,,,,16_NA2,,True,True,2026-02-05 02:38:52.517047+00:00,2,2026-03-14 22:18:34.503785+00:00,2,1,1
48,16_PA,16,SAC,-1,Agriculture,PA,8270.12,1,"geopackage,calsim_report",calsim3,Feather WD,CVP,True,True,Feather River,,,,,,,,16_PA,,True,True,2026-02-05 02:38:52.517047+00:00,2,2026-03-14 22:18:34.503785+00:00,2,1,1
49,16_SA,16,SAC,-1,Agriculture,SA,7810.32,3,"geopackage,calsim_report",calsim3,"Garden Highway MWC, Tudor ID, Oswald WD, misc. FRSA diverters",SWP,True,True,Feather River,D_FTR008_SA,Sutter Bypass East Levee to Sutter Extension Water District,7.60,37.90,Right,4200.00,3.00,16_SA,,True,True,2026-02-05 02:38:52.517047+00:00,2,2026-03-14 22:18:34.503785+00:00,2,1,1
50,17N_NA,17N,SAC,-1,Agriculture,,31385.79,2,"geopackage,calsim_report",calsim3,Non-district,,True,False,,,,,,,,,17N_NA,,True,True,2026-02-05 02:38:52.517047+00:00,2,2026-03-14 22:18:34.503785+00:00,2,1,1
51,17S_NA,17S,SAC,-1,Agriculture,,34463.39,4,"geopackage,calsim_report",calsim3,Non-district,,True,True,"Butte Slough, Wadsworth Canal Sutter Bypass-Butte Slough WUA N/A • • Sutter Bypass",,,,,,,,17S_NA,,True,True,2026-02-05 02:38:52.517047+00:00,2,2026-03-14 22:18:34.503785+00:00,2,1,1
52,17S_SA,17S,SAC,-1,Agriculture,SA,92.86,1,"geopackage,calsim_report",calsim3,Misc. FRSA diverters and minor settlement contractors,,True,True,Feather River,D_FTR003_SA,River mouth to Sutter Bypass East Levee,0.00,7.60,Right,200.00,5.00,17S_SA,,True,True,2026-02-05 02:38:52.517047+00:00,2,2026-03-14 22:18:34.503785+00:00,2,1,1
53,18_NA,18,SAC,-1,Agriculture,,13968.60,3,"geopackage,calsim_report",calsim3,"Butte Slough Irrigation Company, Sutter Butte MWC, non- district",,True,True,"Butte Creek, Sutter Bypass",D_SAC136_18_NA,Butte Slough Outfall Gates to Tisdale Weir,141.00,122.00,Left,1800.00,5.00,18_NA,,True,True,2026-02-05 02:38:52.517047+00:00,2,2026-03-14 22:18:34.503785+00:00,2,1,1
54,18_SA,18,SAC,-1,Agriculture,SA,20825.45,20,"geopackage,calsim_report",calsim3,"Meridian Farms WC, Lomo Cold Storage, Sutter MWC (5%), Tisdale IDC, misc. settlement contractors",CVP,True,True,Sacramento River,,,,,,,,18_SA,,True,True,2026-02-05 02:38:52.517047+00:00,2,2026-03-14 22:18:34.503785+00:00,2,1,1
55,19_SA,19,SAC,-1,Agriculture,SA,67136.67,40,"geopackage,calsim_report",calsim3,"Bardis et al., Pelger MWC, Sutter MWC (95% of total), misc. settlement contractors",CVP,True,True,Sacramento River,,,,,,,,19_SA,,True,True,2026-02-05 02:38:52.517047+00:00,2,2026-03-14 22:18:34.503785+00:00,2,1,1
56,20_NA1,20,SAC,-1,Agriculture,,180616.46,1,"geopackage,calsim_report",calsim3,Yolo County FC&WCD,,True,True,Cache Creek at Capay Diversion Dam,,,,,,,,20_NA1,,True,True,2026-02-05 02:38:52.517047+00:00,2,2026-03-14 22:18:34.503785+00:00,2,1,1
57,20_NA2,20,SAC,-1,Agriculture,,109610.85,1,"geopackage,calsim_report",calsim3,Non-district,,True,False,,,,,,,,,20_NA2,,True,True,2026-02-05 02:38:52.517047+00:00,2,2026-03-14 22:18:34.503785+00:00,2,1,1
58,20_PA,20,SAC,-1,Agriculture,PA,2770.63,1,"geopackage,calsim_report",calsim3,"University of California, Davis",Solano County WA,True,True,Putah South Canal,,,,,,,,20_PA,,True,True,2026-02-05 02:38:52.517047+00:00,2,2026-03-14 22:18:34.503785+00:00,2,1,1
59,21_NA,21,SAC,-1,Agriculture,,18303.45,8,"geopackage,calsim_report",calsim3,Non-district,,True,True,Sacramento River,D_SAC081_21_NA,Colusa Basin Drain to Sacramento Bypass,93.00,66.00,Right,9700.00,13.00,21_NA,,True,True,2026-02-05 02:38:52.517047+00:00,2,2026-03-14 22:18:34.503785+00:00,2,1,1
60,21_PA,21,SAC,-1,Agriculture,PA,11810.39,1,"geopackage,calsim_report",calsim3,Colusa Drain MWC (22% of total),CVP,True,True,Knights Landing Ridge Cut,,,,,,,,21_PA,,True,True,2026-02-05 02:38:52.517047+00:00,2,2026-03-14 22:18:34.503785+00:00,2,1,1
61,21_SA,21,SAC,-1,Agriculture,SA,23244.26,14,"geopackage,calsim_report",calsim3,"Conaway Conservancy Group, misc. settlement contractors",,True,True,"Sacramento River, Cache Creek, Yolo Bypass",,,,,,,,21_SA,,True,True,2026-02-05 02:38:52.517047+00:00,2,2026-03-14 22:18:34.503785+00:00,2,1,1
62,22_NA,22,SAC,-1,Agriculture,,12525.19,1,"geopackage,calsim_report",calsim3,Non-district,,True,True,Sacramento River,D_SAC075_22_NA,Feather River to American River,83.00,63.00,Left,2200.00,1.00,22_NA,,True,True,2026-02-05 02:38:52.517047+00:00,2,2026-03-14 22:18:34.503785+00:00,2,1,1
63,22_SA1,22,SAC,-1,Agriculture,SA,39482.59,12,"geopackage,calsim_report",calsim3,"Natomas Central MWC, Pleasant Grove-Verona MWC, misc. settlement contractors",CVP,True,True,"Sacramento River, Cross-Canal",,,,,,,,22_SA1,,True,True,2026-02-05 02:38:52.517047+00:00,2,2026-03-14 22:18:34.503785+00:00,2,1,1
64,22_SA2,,SAC,,Agriculture,,,0,calsim_report,calsim3,Misc. FRSA diverters,,False,True,Feather River,,,,,,,,22_SA2,,False,True,2026-02-05 02:38:52.517047+00:00,2,2026-03-14 22:18:34.503785+00:00,2,1,1
65,23_NA,23,SAC,-1,Agriculture,,76886.69,3,"geopackage,calsim_report",calsim3,"Camp Far West ID, South Sutter WD, non-district",South Sutter WD,True,True,Bear River,,,,,,,,23_NA,,True,True,2026-02-05 02:38:52.517047+00:00,2,2026-03-14 22:18:34.503785+00:00,2,1,1
66,24_NA1,24,SAC,-1,Agriculture,,55244.26,1,"geopackage,calsim_report",calsim3,Nevada ID,Nevada ID,True,True,"Combie Canal, Auburn Ravine",,,,,,,,24_NA1,,True,True,2026-02-05 02:38:52.517047+00:00,2,2026-03-14 22:18:34.503785+00:00,2,1,1
67,24_NA2,24,SAC,-1,Agriculture,,53533.05,2,"geopackage,calsim_report",calsim3,"Placer County WA Zone 5, non-district",Placer County WA,True,True,Auburn Ravine,,,,,,,,24_NA2,,True,True,2026-02-05 02:38:52.517047+00:00,2,2026-03-14 22:18:34.503785+00:00,2,1,1
68,24_NA3,24,SAC,-1,Agriculture,,31928.58,3,"geopackage,calsim_report",calsim3,Placer County WA Zone 1,Placer County WA,True,True,"Lower Boardman Canal, South Canal",,,,,,,,24_NA3,,True,True,2026-02-05 02:38:52.517047+00:00,2,2026-03-14 22:18:34.503785+00:00,2,1,1
69,25_NA,25,SAC,-1,Agriculture,,173617.91,29,"geopackage,calsim_report",calsim3,"North Delta WA, non-district",,True,True,Delta channels including Barker Slough,,,,,,,,25_NA,,True,True,2026-02-05 02:38:52.517047+00:00,2,2026-03-14 22:18:34.503785+00:00,2,1,1
70,25_PA1,25,SAC,-1,Agriculture,PA,57821.41,1,"geopackage,calsim_report",calsim3,Solano ID (77% of total),Reclamation,True,True,Putah Creek CalSim 3 Main Report,,,,,,,,25_PA1,,True,True,2026-02-05 02:38:52.517047+00:00,2,2026-03-14 22:18:34.503785+00:00,2,1,1
71,25_PA2,25,SAC,-1,Agriculture,PA,15062.71,1,"geopackage,calsim_report",calsim3,Maine Prairie WD,Reclamation,True,True,Putah South Canal,,,,,,,,25_PA2,,True,True,2026-02-05 02:38:52.517047+00:00,2,2026-03-14 22:18:34.503785+00:00,2,1,1
72,26N_NA,26N,SAC,-1,Agriculture,,2899.75,1,"geopackage,calsim_report",calsim3,Non-district,,True,False,,,,,,,,,26N_NA,,True,True,2026-02-05 02:38:52.517047+00:00,2,2026-03-14 22:18:34.503785+00:00,2,1,1
73,26S_NA,26S,SAC,-1,Agriculture,,44744.20,29,"geopackage,calsim_report",calsim3,Non-district,,True,False,,,,,,,,,26S_NA,,True,True,2026-02-05 02:38:52.517047+00:00,2,2026-03-14 22:18:34.503785+00:00,2,1,1
74,CULOS,,SAC,,Agriculture,,,0,calsim_report,calsim3,Miscellaneous agriculture in upper Feather River watershed,,False,True,Feather River,,,,,,,,CULOS,,False,True,2026-02-05 02:38:52.517047+00:00,2,2026-03-14 22:18:34.503785+00:00,2,1,1
75,GDPUD_NA,,SAC,,Agriculture,,,0,calsim_report,calsim3,Georgetown Divide PUD,,False,True,"Stumpy Meadows Reservoir, Pilot Creek",,,,,,,,GDPUD_NA,,False,True,2026-02-05 02:38:52.517047+00:00,2,2026-03-14 22:18:34.503785+00:00,2,1,1
76,LCCWD,,SAC,,Agriculture,,,0,calsim_report,calsim3,Little Last Chance ID,,False,True,Little Last Chance Creek,,,,,,,,LCCWD,,False,True,2026-02-05 02:38:52.517047+00:00,2,2026-03-14 22:18:34.503785+00:00,2,1,1
77,NIDBR_NA,,SAC,,Agriculture,,,0,calsim_report,calsim3,,Nevada ID,False,True,"Combie Reservoir, Bear River",,,,,,,,NIDBR_NA,,False,True,2026-02-05 02:38:52.517047+00:00,2,2026-03-14 22:18:34.503785+00:00,2,1,1
78,NIDDC_NA1,,SAC,,Agriculture,,,0,calsim_report,calsim3,,Nevada ID,False,True,"Scott Flat Reservoir, Deer Creek",,,,,,,,NIDDC_NA1,,False,True,2026-02-05 02:38:52.517047+00:00,2,2026-03-14 22:18:34.503785+00:00,2,1,1
79,NIDDC_NA2,,SAC,,Agriculture,,,0,calsim_report,calsim3,,Nevada ID,False,True,"Scott Flat Reservoir, Deer Creek",,,,,,,,NIDDC_NA2,,False,True,2026-02-05 02:38:52.517047+00:00,2,2026-03-14 22:18:34.503785+00:00,2,1,1
80,NIDDC_NA3,,SAC,,Agriculture,,,0,calsim_report,calsim3,,Nevada ID,False,True,Wolf Creek,,,,,,,,NIDDC_NA3,,False,True,2026-02-05 02:38:52.517047+00:00,2,2026-03-14 22:18:34.503785+00:00,2,1,1
81,PUTAH,,SAC,,Agriculture,,,0,calsim_report,calsim3,Miscellaneous agriculture in upper Putah Creek watershed,,False,True,Putah Creek,,,,,,,,PUTAH,,False,True,2026-02-05 02:38:52.517047+00:00,2,2026-03-14 22:18:34.503785+00:00,2,1,1
82,SIDSH,,SAC,,Agriculture,,,0,calsim_report,calsim3,Solano ID (23% of total),Solano County WA,True,True,Putah South Canal,,,,,,,,SIDSH,,False,True,2026-02-05 02:38:52.517047+00:00,2,2026-03-14 22:18:34.503785+00:00,2,1,1
83,50_PA1,50,SJR,0,Agriculture,PA,22013.89,14,"geopackage,calsim_report",calsim3,Banta-Carbona ID,CVP,True,True,"Delta-Mendota Canal, San Joaquin River West Side ID CVP • • Delta-Mendota Canal",,,,,,,,50_PA1,,True,True,2026-02-05 02:38:52.517047+00:00,2,2026-03-14 22:18:34.503785+00:00,2,2,1
84,50_PA2,50,SJR,0,Agriculture,PA,16639.99,8,"geopackage,calsim_report",calsim3,Byron-Bethany ID (excluding former Plainview ID service area),,False,True,Clifton Court Forebay,,,,,,,,50_PA2,,True,True,2026-02-05 02:38:52.517047+00:00,2,2026-03-14 22:18:34.503785+00:00,2,2,1
85,60N_NA1,60N,SJR,-1,Agriculture,,11180.91,1,"geopackage,calsim_report",calsim3,Jackson Valley ID,,True,True,"Pardee Reservoir via Lake Amador, Jackson Creek",,,,,,,,60N_NA1,,True,True,2026-02-05 02:38:52.517047+00:00,2,2026-03-14 22:18:34.503785+00:00,2,2,1
86,60N_NA2,60N,SJR,-1,Agriculture,,67027.51,6,"geopackage,calsim_report",calsim3,"Omochumne-Hartnell WD, Clay WD, Galt ID",,True,True,Folsom South Canal,,,,,,,,60N_NA2,,True,True,2026-02-05 02:38:52.517047+00:00,2,2026-03-14 22:18:34.503785+00:00,2,2,1
87,60N_NA3,60N,SJR,-1,Agriculture,,48921.78,2,"geopackage,calsim_report",calsim3,North San Joaquin WCD,,True,True,Mokelumne River,,,,,,,,60N_NA3,,True,True,2026-02-05 02:38:52.517047+00:00,2,2026-03-14 22:18:34.503785+00:00,2,2,1
88,60N_NA4,60N,SJR,-1,Agriculture,,28215.15,36,"geopackage,calsim_report",calsim3,"Woodbridge ID, Woodbridge Users Association",,True,True,Mokelumne River,,,,,,,,60N_NA4,,True,True,2026-02-05 02:38:52.517047+00:00,2,2026-03-14 22:18:34.503785+00:00,2,2,1
89,60N_NA5,60N,SJR,-1,Agriculture,,274532.29,13,"geopackage,calsim_report",calsim3,"Non-district, riparian diverters",,True,True,,,,,,,,,60N_NA5,,True,True,2026-02-05 02:38:52.517047+00:00,2,2026-03-14 22:18:34.503785+00:00,2,2,1
90,60S_NA1,60S,SJR,-1,Agriculture,,48371.01,2,"geopackage,calsim_report",calsim3,Non-district east,,True,False,,,,,,,,,60S_NA1,,True,True,2026-02-05 02:38:52.517047+00:00,2,2026-03-14 22:18:34.503785+00:00,2,2,1
91,60S_NA2,60S,SJR,-1,Agriculture,,8773.26,1,"geopackage,calsim_report",calsim3,Non-district west,,True,False,,,,,,,,,60S_NA2,,True,True,2026-02-05 02:38:52.517047+00:00,2,2026-03-14 22:18:34.503785+00:00,2,2,1
92,60S_PA1,60S,SJR,-1,Agriculture,PA,82910.22,15,"geopackage,calsim_report",calsim3,Stockton East WD CVP,Reclamation,True,True,"Calaveras River, Stanislaus River at Goodwin Dam",,,,,,,,60S_PA1,,True,True,2026-02-05 02:38:52.517047+00:00,2,2026-03-14 22:18:34.503785+00:00,2,2,1
93,60S_PA2,60S,SJR,-1,Agriculture,PA,65971.92,1,"geopackage,calsim_report",calsim3,Central San Joaquin WCD,CVP,True,True,"Stanislaus River at Goodwin Dam, Littlejohns Creek",,,,,,,,60S_PA2,,True,True,2026-02-05 02:38:52.517047+00:00,2,2026-03-14 22:18:34.503785+00:00,2,2,1
94,61_NA1,61,SJR,-1,Agriculture,,104564.41,8,"geopackage,calsim_report",calsim3,Non-district east,,True,False,,,,,,,,,61_NA1,,True,True,2026-02-05 02:38:52.517047+00:00,2,2026-03-14 22:18:34.503785+00:00,2,2,1
95,61_NA2,61,SJR,-1,Agriculture,,77905.82,3,"geopackage,calsim_report",calsim3,Modesto ID,,True,True,Modesto Reservoir Stanislaus River at Goodwin Dam,,,,,,,,61_NA2,,True,True,2026-02-05 02:38:52.517047+00:00,2,2026-03-14 22:18:34.503785+00:00,2,2,1
96,61_NA3,61,SJR,-1,Agriculture,,3830.27,8,"geopackage,calsim_report",calsim3,"Non-district, Tuolumne River riparian right bank diverters",,True,True,Tuolumne River,,,,,,,,61_NA3,,True,True,2026-02-05 02:38:52.517047+00:00,2,2026-03-14 22:18:34.503785+00:00,2,2,1
97,61_NA4,61,SJR,-1,Agriculture,,7815.18,5,"geopackage,calsim_report",calsim3,"Non-district, Stanislaus River riparian diverters",,True,True,Stanislaus River,,,,,,,,61_NA4,,True,True,2026-02-05 02:38:52.517047+00:00,2,2026-03-14 22:18:34.503785+00:00,2,2,1
98,61_NA5,61,SJR,-1,Agriculture,,6942.59,1,"geopackage,calsim_report",calsim3,"Non-district, San Joaquin River riparian diverters between Tuolumne and Stanislaus rivers",,True,True,"San Joaquin River, Modesto ID and Oakdale ID South return flows",,,,,,,,61_NA5,,True,True,2026-02-05 02:38:52.517047+00:00,2,2026-03-14 22:18:34.503785+00:00,2,2,1
99,61_NA6,61,SJR,-1,Agriculture,,12448.29,3,"geopackage,calsim_report",calsim3,"Non-district, San Joaquin River riparian diverters downstream from Stanislaus River confluence",,True,True,San Joaquin River,,,,,,,,61_NA6,,True,True,2026-02-05 02:38:52.517047+00:00,2,2026-03-14 22:18:34.503785+00:00,2,2,1
100,61_PA1,61,SJR,-1,Agriculture,PA,29116.53,1,"geopackage,calsim_report",calsim3,Oakdale ID north,CVP,True,True,Stanislaus River at Goodwin Diversion Dam,,,,,,,,61_PA1,,True,True,2026-02-05 02:38:52.517047+00:00,2,2026-03-14 22:18:34.503785+00:00,2,2,1
101,61_PA2,61,SJR,-1,Agriculture,PA,41111.41,3,"geopackage,calsim_report",calsim3,Oakdale ID south,CVP,True,True,Stanislaus River at Goodwin Diversion Dam,,,,,,,,61_PA2,,True,True,2026-02-05 02:38:52.517047+00:00,2,2026-03-14 22:18:34.503785+00:00,2,2,1
102,61_PA3,61,SJR,-1,Agriculture,PA,61745.65,4,"geopackage,calsim_report",calsim3,South San Joaquin ID,CVP,True,True,Stanislaus River at Goodwin Diversion Dam,,,,,,,,61_PA3,,True,True,2026-02-05 02:38:52.517047+00:00,2,2026-03-14 22:18:34.503785+00:00,2,2,1
103,62_NA1,62,SJR,-1,Agriculture,,137203.18,2,"geopackage,calsim_report",calsim3,Non-district east,,True,False,,,,,,,,,62_NA1,,True,True,2026-02-05 02:38:52.517047+00:00,2,2026-03-14 22:18:34.503785+00:00,2,2,1
104,62_NA2,62,SJR,-1,Agriculture,,3140.59,5,"geopackage,calsim_report",calsim3,"Non-district, Merced River riparian right bank diverters",,True,True,Merced River,,,,,,,,62_NA2,,True,True,2026-02-05 02:38:52.517047+00:00,2,2026-03-14 22:18:34.503785+00:00,2,2,1
105,62_NA3,62,SJR,-1,Agriculture,,170770.24,18,"geopackage,calsim_report",calsim3,Turlock ID,,True,True,Tuolumne River at La Grange Dam,,,,,,,,62_NA3,,True,True,2026-02-05 02:38:52.517047+00:00,2,2026-03-14 22:18:34.503785+00:00,2,2,1
106,62_NA4,62,SJR,-1,Agriculture,,3442.86,3,"geopackage,calsim_report",calsim3,"Non-district, Tuolumne River riparian left bank diverters",,True,True,Tuolumne River,,,,,,,,62_NA4,,True,True,2026-02-05 02:38:52.517047+00:00,2,2026-03-14 22:18:34.503785+00:00,2,2,1
107,62_NA5,62,SJR,-1,Agriculture,,12227.44,7,"geopackage,calsim_report",calsim3,"Non-district, San Joaquin River riparian diverters between Merced and Tuolumne rivers",,True,True,San Joaquin River,,,,,,,,62_NA5,,True,True,2026-02-05 02:38:52.517047+00:00,2,2026-03-14 22:18:34.503785+00:00,2,2,1
108,62_NA6,62,SJR,-1,Agriculture,,5415.61,4,"geopackage,calsim_report",calsim3,"Merced ID (3.5% of total, north of Merced River)",,True,True,Merced River at Crocker-Huffman Dam,,,,,,,,62_NA6,,True,True,2026-02-05 02:38:52.517047+00:00,2,2026-03-14 22:18:34.503785+00:00,2,2,1
109,63_NA1,63,SJR,-1,Agriculture,,157412.67,1,"geopackage,calsim_report",calsim3,Non-district east,,True,False,,,,,,,,,63_NA1,,True,True,2026-02-05 02:38:52.517047+00:00,2,2026-03-14 22:18:34.503785+00:00,2,2,1
110,63_NA2,63,SJR,-1,Agriculture,,4808.61,1,"geopackage,calsim_report",calsim3,"Non-district, Merced riparian left bank diverters",,True,True,Merced River,,,,,,,,63_NA2,,True,True,2026-02-05 02:38:52.517047+00:00,2,2026-03-14 22:18:34.503785+00:00,2,2,1
111,63_NA3,63,SJR,-1,Agriculture,,131834.06,20,"geopackage,calsim_report",calsim3,"Merced ID (96.5% of total, south of Merced River)",,True,True,Merced River at Crocker-Huffman Dam,,,,,,,,63_NA3,,True,True,2026-02-05 02:38:52.517047+00:00,2,2026-03-14 22:18:34.503785+00:00,2,2,1
112,63_NA4,63,SJR,-1,Agriculture,,189599.21,5,"geopackage,calsim_report",calsim3,"Non-district West, Plainsburg ID, La Grande-Athlone WD, Turner Island WD, Stevinson WD, Merced River riparian diverters",,True,True,"San Joaquin River, Merced River",,,,,,,,63_NA4,,True,True,2026-02-05 02:38:52.517047+00:00,2,2026-03-14 22:18:34.503785+00:00,2,2,1
113,63_NA5,,SJR,,Agriculture,,,0,calsim_report,calsim3,El Nido ID,Merced ID,True,True,"Merced River, Deadman Creek",,,,,,,,63_NA5,,False,True,2026-02-05 02:38:52.517047+00:00,2,2026-03-14 22:18:34.503785+00:00,2,2,1
114,64_NA1,64,SJR,-1,Agriculture,,154854.41,25,"geopackage,calsim_report",calsim3,Non-district east,,True,False,,,,,,,,,64_NA1,,True,True,2026-02-05 02:38:52.517047+00:00,2,2026-03-14 22:18:34.503785+00:00,2,2,1
115,64_NA2,64,SJR,-1,Agriculture,,135076.93,2,"geopackage,calsim_report",calsim3,Non-district west,,True,True,"San Joaquin at Gravelly Ford, Fresno River, Chowchilla WD and Madera ID return flows",,,,,,,,64_NA2,,True,True,2026-02-05 02:38:52.517047+00:00,2,2026-03-14 22:18:34.503785+00:00,2,2,1
116,64_PA1,64,SJR,-1,Agriculture,PA,122882.43,19,"geopackage,calsim_report",calsim3,"Madera ID, Madera WD",CVP,True,True,"Madera Canal, Fresno River",,,,,,,,64_PA1,,True,True,2026-02-05 02:38:52.517047+00:00,2,2026-03-14 22:18:34.503785+00:00,2,2,1
117,64_PA2,64,SJR,-1,Agriculture,PA,82661.44,6,"geopackage,calsim_report",calsim3,Chowchilla WD,CVP,True,True,"Madera Canal, Chowchilla River",,,,,,,,64_PA2,,True,True,2026-02-05 02:38:52.517047+00:00,2,2026-03-14 22:18:34.503785+00:00,2,2,1
118,64_PA3,64,SJR,-1,Agriculture,PA,17393.64,2,"geopackage,calsim_report",calsim3,"Gravelly Ford WD, Root Creek WD",CVP,True,True,"San Joaquin at Gravelly Ford, Madera Canal",,,,,,,,64_PA3,,True,True,2026-02-05 02:38:52.517047+00:00,2,2026-03-14 22:18:34.503785+00:00,2,2,1
119,64_XA,64,SJR,-1,Agriculture,XA,15869.45,1,"geopackage,calsim_report",calsim3,Columbia Canal Company,CVP,True,True,Mendota Pool,,,,,,,,64_XA,,True,True,2026-02-05 02:38:52.517047+00:00,2,2026-03-14 22:18:34.503785+00:00,2,2,1
120,71_NA1,71,SJR,-1,Agriculture,,9336.15,1,"geopackage,calsim_report",calsim3,Non-district San Joaquin River riparian diverters (Orestimba Creek to Del Puerto Creek),,True,True,San Joaquin River,,,,,,,,71_NA1,,True,True,2026-02-05 02:38:52.517047+00:00,2,2026-03-14 22:18:34.503785+00:00,2,2,1
121,71_NA2,71,SJR,-1,Agriculture,,17195.07,5,"geopackage,calsim_report",calsim3,El Solyo WD and non-district San Joaquin River riparian diverters (Del Puerto Creek to Vernalis),,True,True,San Joaquin River,,,,,,,,71_NA2,,True,True,2026-02-05 02:38:52.517047+00:00,2,2026-03-14 22:18:34.503785+00:00,2,2,1
122,71_NA3,71,SJR,-1,Agriculture,,39772.63,130,"geopackage,calsim_report",calsim3,Non-district,,True,False,,,,,,,,,71_NA3,,True,True,2026-02-05 02:38:52.517047+00:00,2,2026-03-14 22:18:34.503785+00:00,2,2,1
123,71_PA1,71,SJR,-1,Agriculture,PA,13240.47,1,"geopackage,calsim_report",calsim3,Hospital WD,CVP,True,True,Delta-Mendota Canal,,,,,,,,71_PA1,,True,True,2026-02-05 02:38:52.517047+00:00,2,2026-03-14 22:18:34.503785+00:00,2,2,1
124,71_PA2,71,SJR,-1,Agriculture,PA,22126.00,2,"geopackage,calsim_report",calsim3,West Stanislaus ID,CVP,True,True,Delta-Mendota Canal,,,,,,,,71_PA2,,True,True,2026-02-05 02:38:52.517047+00:00,2,2026-03-14 22:18:34.503785+00:00,2,2,1
125,71_PA3,71,SJR,-1,Agriculture,PA,3183.97,1,"geopackage,calsim_report",calsim3,Kern Cañon WD,CVP,True,True,Delta-Mendota Canal,,,,,,,,71_PA3,,True,True,2026-02-05 02:38:52.517047+00:00,2,2026-03-14 22:18:34.503785+00:00,2,2,1
126,71_PA4,71,SJR,-1,Agriculture,PA,13778.49,1,"geopackage,calsim_report",calsim3,Patterson ID,CVP,True,True,"Delta-Mendota Canal, San Joaquin River",,,,,,,,71_PA4,,True,True,2026-02-05 02:38:52.517047+00:00,2,2026-03-14 22:18:34.503785+00:00,2,2,1
127,71_PA5,71,SJR,-1,Agriculture,PA,20759.83,7,"geopackage,calsim_report",calsim3,"Del Puerto WD, Salado WD, Orestimba WD, Sunflower WD",CVP,True,True,Delta-Mendota Canal,,,,,,,,71_PA5,,True,True,2026-02-05 02:38:52.517047+00:00,2,2026-03-14 22:18:34.503785+00:00,2,2,1
128,71_PA6,71,SJR,-1,Agriculture,PA,18281.06,11,"geopackage,calsim_report",calsim3,"Davis WD, Foothill WD, Mustang WD, Quinto WD, Romero WD, Centinella WD",CVP,True,True,Delta-Mendota Canal,,,,,,,,71_PA6,,True,True,2026-02-05 02:38:52.517047+00:00,2,2026-03-14 22:18:34.503785+00:00,2,2,1
129,71_PA7,71,SJR,-1,Agriculture,PA,4716.10,3,"geopackage,calsim_report",calsim3,Oak Flat WD,SWP,True,True,California Aqueduct,,,,,,,,71_PA7,,True,True,2026-02-05 02:38:52.517047+00:00,2,2026-03-14 22:18:34.503785+00:00,2,2,1
130,71_PA8,71,SJR,-1,Agriculture,PA,6913.57,9,"geopackage,calsim_report",calsim3,Byron-Bethany ID (area which was formerly Plainview ID),CVP,True,True,"Clifton Court, Delta-Mendota Canal",,,,,,,,71_PA8,,True,True,2026-02-05 02:38:52.517047+00:00,2,2026-03-14 22:18:34.503785+00:00,2,2,1
131,72_NA1,72,SJR,-1,Agriculture,,3092.55,1,"geopackage,calsim_report",calsim3,Non-district San Joaquin River riparian diverters (Mud Slough to Orestimba Creek),,True,True,San Joaquin River,,,,,,,,72_NA1,,True,True,2026-02-05 02:38:52.517047+00:00,2,2026-03-14 22:18:34.503785+00:00,2,2,1
132,72_NA2,72,SJR,-1,Agriculture,,54586.49,300,"geopackage,calsim_report",calsim3,Non-district,,True,False,,,,,,,,,72_NA2,,True,True,2026-02-05 02:38:52.517047+00:00,2,2026-03-14 22:18:34.503785+00:00,2,2,1
133,72_PA,72,SJR,-1,Agriculture,PA,461.41,1,"geopackage,calsim_report",calsim3,Laguna WD,CVP,True,True,Central California ID Main Canal,,,,,,,,72_PA,,True,True,2026-02-05 02:38:52.517047+00:00,2,2026-03-14 22:18:34.503785+00:00,2,2,1
134,72_XA1,72,SJR,-1,Agriculture,XA,47075.91,2,"geopackage,calsim_report",calsim3,San Luis Canal Company,CVP,True,True,"Delta-Mendota Canal, San Joaquin River at Sack Dam",,,,,,,,72_XA1,,True,True,2026-02-05 02:38:52.517047+00:00,2,2026-03-14 22:18:34.503785+00:00,2,2,1
135,72_XA2,72,SJR,-1,Agriculture,XA,70548.24,16,"geopackage,calsim_report",calsim3,Central California ID south,CVP,True,True,Delta-Mendota Canal and Mendota Pool,,,,,,,,72_XA2,,True,True,2026-02-05 02:38:52.517047+00:00,2,2026-03-14 22:18:34.503785+00:00,2,2,1
136,72_XA3,72,SJR,-1,Agriculture,XA,78563.57,26,"geopackage,calsim_report",calsim3,Central California ID north,CVP,True,True,Delta-Mendota Canal,,,,,,,,72_XA3,,True,True,2026-02-05 02:38:52.517047+00:00,2,2026-03-14 22:18:34.503785+00:00,2,2,1
137,73_NA,73,SJR,-1,Agriculture,,22443.21,119,"geopackage,calsim_report",calsim3,Non-district,,True,False,,,,,,,,,73_NA,,True,True,2026-02-05 02:38:52.517047+00:00,2,2026-03-14 22:18:34.503785+00:00,2,2,1
138,73_PA1,73,SJR,-1,Agriculture,PA,31908.46,3,"geopackage,calsim_report",calsim3,San Luis WD north,CVP,True,True,"California Aqueduct, Delta-Mendota Canal",,,,,,,,73_PA1,,True,True,2026-02-05 02:38:52.517047+00:00,2,2026-03-14 22:18:34.503785+00:00,2,2,1
139,73_PA2,73,SJR,-1,Agriculture,PA,16631.07,7,"geopackage,calsim_report",calsim3,"Eagle Field WD, Mercy Springs WD, Oro Loma WD",CVP,True,True,Delta-Mendota Canal,,,,,,,,73_PA2,,True,True,2026-02-05 02:38:52.517047+00:00,2,2026-03-14 22:18:34.503785+00:00,2,2,1
140,73_PA3,73,SJR,-1,Agriculture,PA,78736.14,4,"geopackage,calsim_report",calsim3,Pacheco WD,CVP,True,True,"Delta-Mendota Canal Panoche WD CVP • • California Aqueduct, Delta-Mendota Canal San Luis WD south CVP • • California Aqueduct",,,,,,,,73_PA3,,True,True,2026-02-05 02:38:52.517047+00:00,2,2026-03-14 22:18:34.503785+00:00,2,2,1
141,73_XA,73,SJR,-1,Agriculture,XA,23731.00,3,"geopackage,calsim_report",calsim3,Firebaugh Canal WD,CVP,True,True,"Delta-Mendota Canal, Mendota Pool",,,,,,,,73_XA,,True,True,2026-02-05 02:38:52.517047+00:00,2,2026-03-14 22:18:34.503785+00:00,2,2,1
142,90_PA1,90,TULARE,-1,Agriculture,PA,376736.32,1,"geopackage,calsim_report",calsim3,"Westlands WD Priority Area I, DD No. 2",CVP,True,True,California Aqueduct,,,,,,,,90_PA1,,True,True,2026-02-05 02:38:52.517047+00:00,2,2026-03-14 22:18:34.503785+00:00,2,4,1
143,90_PA2,90,TULARE,-1,Agriculture,PA,228094.05,29,"geopackage,calsim_report",calsim3,"Westlands WD Priority Area II, DD No. 1, No. 3",CVP,True,True,"California Aqueduct, Coalinga Canal",,,,,,,,90_PA2,,True,True,2026-02-05 02:38:52.517047+00:00,2,2026-03-14 22:18:34.503785+00:00,2,4,1
144,91_PA,,SJR,,Agriculture,,,0,calsim_report,calsim3,"Coelho Family Trust, Fresno Slough WD, James ID, RD 1606, Tranquility ID, Tranquility PUD",CVP,True,True,Mendota Pool,,,,,,,,91_PA,,False,True,2026-02-05 02:38:52.517047+00:00,2,2026-03-14 22:18:34.503785+00:00,2,2,1
