scenario_id,tag_id,created_at,created_by,updated_at,updated_by
1,1,2026-03-16 21:04:44.681860+00:00,2,2026-03-16 21:04:44.681860+00:00,2
2,1,2026-03-16 21:04:44.681860+00:00,2,2026-03-16 21:04:44.681860+00:00,2
3,1,2026-03-16 21:04:44.681860+00:00,2,2026-03-16 21:04:44.681860+00:00,2
4,1,2026-03-16 21:04:44.681860+00:00,2,2026-03-16 21:04:44.681860+00:00,2
5,1,2026-03-16 21:04:44.681860+00:00,2,2026-03-16 21:04:44.681860+00:00,2
6,2,2026-03-16 21:04:44.681860+00:00,2,2026-03-16 21:04:44.681860+00:00,2
7,3,2026-03-16 21:04:44.681860+00:00,2,2026-03-16 21:04:44.681860+00:00,2
7,2,2026-03-16 21:04:44.681860+00:00,2,2026-03-16 21:04:44.681860+00:00,2
8,2,2026-03-16 21:04:44.681860+00:00,2,2026-03-16 21:04:44.681860+00:00,2
9,2,2026-03-16 21:04:44.681860+00:00,2,2026-03-16 21:04:44.681860+00:00,2
9,3,2026-03-16 21:04:44.681860+00:00,2,2026-03-16 21:04:44.681860+00:00,2
10,4,2026-03-16 21:04:44.681860+00:00,2,2026-03-16 21:04:44.681860+00:00,2
11,4,2026-03-16 21:04:44.681860+00:00,2,2026-03-16 21:04:44.681860+00:00,2
12,4,2026-03-16 21:04:44.681860+00:00,2,2026-03-16 21:04:44.681860+00:00,2
13,4,2026-03-16 21:04:44.681860+00:00,2,2026-03-16 21:04:44.681860+00:00,2
14,4,2026-03-16 21:04:44.681860+00:00,2,2026-03-16 21:04:44.681860+00:00,2
15,5,2026-03-16 21:04:44.681860+00:00,2,2026-03-16 21:04:44.681860+00:00,2
16,5,2026-03-16 21:04:44.681860+00:00,2,2026-03-16 21:04:44.681860+00:00,2
17,5,2026-03-16 21:04:44.681860+00:00,2,2026-03-16 21:04:44.681860+00:00,2
18,4,2026-03-16 21:04:44.681860+00:00,2,2026-03-16 21:04:44.681860+00:00,2
18,7,2026-03-16 21:04:44.681860+00:00,2,2026-03-16 21:04:44.681860+00:00,2
19,7,2026-03-16 21:04:44.681860+00:00,2,2026-03-16 21:04:44.681860+00:00,2
19,4,2026-03-16 21:04:44.681860+00:00,2,2026-03-16 21:04:44.681860+00:00,2
20,4,2026-03-16 21:04:44.681860+00:00,2,2026-03-16 21:04:44.681860+00:00,2
20,7,2026-03-16 21:04:44.681860+00:00,2,2026-03-16 21:04:44.681860+00:00,2
21,4,2026-03-16 21:04:44.681860+00:00,2,2026-03-16 21:04:44.681860+00:00,2
21,7,2026-03-16 21:04:44.681860+00:00,2,2026-03-16 21:04:44.681860+00:00,2
22,8,2026-03-16 21:04:44.681860+00:00,2,2026-03-16 21:04:44.681860+00:00,2
22,3,2026-03-16 21:04:44.681860+00:00,2,2026-03-16 21:04:44.681860+00:00,2
22,9,2026-03-16 21:04:44.681860+00:00,2,2026-03-16 21:04:44.681860+00:00,2
23,4,2026-03-16 21:04:44.681860+00:00,2,2026-03-16 21:04:44.681860+00:00,2
23,7,2026-03-16 21:04:44.681860+00:00,2,2026-03-16 21:04:44.681860+00:00,2
23,10,2026-03-16 21:04:44.681860+00:00,2,2026-03-16 21:04:44.681860+00:00,2
24,4,2026-03-16 21:04:44.681860+00:00,2,2026-03-16 21:04:44.681860+00:00,2
25,6,2026-03-16 21:04:44.681860+00:00,2,2026-03-16 21:04:44.681860+00:00,2
25,4,2026-03-16 21:04:44.681860+00:00,2,2026-03-16 21:04:44.681860+00:00,2
25,7,2026-03-16 21:04:44.681860+00:00,2,2026-03-16 21:04:44.681860+00:00,2
28,1,2026-03-24 18:25:09.917423+00:00,2,2026-03-24 18:25:09.917423+00:00,2
29,1,2026-03-24 18:25:09.917423+00:00,2,2026-03-24 18:25:09.917423+00:00,2
30,1,2026-03-24 18:25:09.917423+00:00,2,2026-03-24 18:25:09.917423+00:00,2
31,1,2026-03-24 18:25:09.917423+00:00,2,2026-03-24 18:25:09.917423+00:00,2
32,1,2026-03-24 18:25:09.917423+00:00,2,2026-03-24 18:25:09.917423+00:00,2
33,2,2026-03-24 18:25:09.917423+00:00,2,2026-03-24 18:25:09.917423+00:00,2
34,3,2026-03-24 18:25:09.917423+00:00,2,2026-03-24 18:25:09.917423+00:00,2
34,2,2026-03-24 18:25:09.917423+00:00,2,2026-03-24 18:25:09.917423+00:00,2
35,2,2026-03-24 18:25:09.917423+00:00,2,2026-03-24 18:25:09.917423+00:00,2
36,3,2026-03-24 18:25:09.917423+00:00,2,2026-03-24 18:25:09.917423+00:00,2
36,2,2026-03-24 18:25:09.917423+00:00,2,2026-03-24 18:25:09.917423+00:00,2
37,4,2026-03-24 18:25:09.917423+00:00,2,2026-03-24 18:25:09.917423+00:00,2
38,4,2026-03-24 18:25:09.917423+00:00,2,2026-03-24 18:25:09.917423+00:00,2
39,4,2026-03-24 18:25:09.917423+00:00,2,2026-03-24 18:25:09.917423+00:00,2
40,4,2026-03-24 18:25:09.917423+00:00,2,2026-03-24 18:25:09.917423+00:00,2
41,5,2026-03-24 18:25:09.917423+00:00,2,2026-03-24 18:25:09.917423+00:00,2
42,5,2026-03-24 18:25:09.917423+00:00,2,2026-03-24 18:25:09.917423+00:00,2
43,5,2026-03-24 18:25:09.917423+00:00,2,2026-03-24 18:25:09.917423+00:00,2
44,4,2026-03-24 18:25:09.917423+00:00,2,2026-03-24 18:25:09.917423+00:00,2
44,7,2026-03-24 18:25:09.917423+00:00,2,2026-03-24 18:25:09.917423+00:00,2
45,4,2026-03-24 18:25:09.917423+00:00,2,2026-03-24 18:25:09.917423+00:00,2
45,7,2026-03-24 18:25:09.917423+00:00,2,2026-03-24 18:25:09.917423+00:00,2
46,4,2026-03-24 18:25:09.917423+00:00,2,2026-03-24 18:25:09.917423+00:00,2
46,7,2026-03-24 18:25:09.917423+00:00,2,2026-03-24 18:25:09.917423+00:00,2
47,7,2026-03-24 18:25:09.917423+00:00,2,2026-03-24 18:25:09.917423+00:00,2
47,4,2026-03-24 18:25:09.917423+00:00,2,2026-03-24 18:25:09.917423+00:00,2
48,9,2026-03-24 18:25:09.917423+00:00,2,2026-03-24 18:25:09.917423+00:00,2
48,3,2026-03-24 18:25:09.917423+00:00,2,2026-03-24 18:25:09.917423+00:00,2
48,8,2026-03-24 18:25:09.917423+00:00,2,2026-03-24 18:25:09.917423+00:00,2
49,7,2026-03-24 18:25:09.917423+00:00,2,2026-03-24 18:25:09.917423+00:00,2
49,4,2026-03-24 18:25:09.917423+00:00,2,2026-03-24 18:25:09.917423+00:00,2
49,10,2026-03-24 18:25:09.917423+00:00,2,2026-03-24 18:25:09.917423+00:00,2
50,4,2026-03-24 18:25:09.917423+00:00,2,2026-03-24 18:25:09.917423+00:00,2
51,4,2026-03-24 18:25:09.917423+00:00,2,2026-03-24 18:25:09.917423+00:00,2
51,7,2026-03-24 18:25:09.917423+00:00,2,2026-03-24 18:25:09.917423+00:00,2
51,6,2026-03-24 18:25:09.917423+00:00,2,2026-03-24 18:25:09.917423+00:00,2
52,1,2026-03-24 18:25:09.917423+00:00,2,2026-03-24 18:25:09.917423+00:00,2
53,1,2026-03-24 18:25:09.917423+00:00,2,2026-03-24 18:25:09.917423+00:00,2
54,1,2026-03-24 18:25:09.917423+00:00,2,2026-03-24 18:25:09.917423+00:00,2
55,1,2026-03-24 18:25:09.917423+00:00,2,2026-03-24 18:25:09.917423+00:00,2
56,1,2026-03-24 18:25:09.917423+00:00,2,2026-03-24 18:25:09.917423+00:00,2
57,2,2026-03-24 18:25:09.917423+00:00,2,2026-03-24 18:25:09.917423+00:00,2
58,2,2026-03-24 18:25:09.917423+00:00,2,2026-03-24 18:25:09.917423+00:00,2
58,3,2026-03-24 18:25:09.917423+00:00,2,2026-03-24 18:25:09.917423+00:00,2
59,2,2026-03-24 18:25:09.917423+00:00,2,2026-03-24 18:25:09.917423+00:00,2
60,2,2026-03-24 18:25:09.917423+00:00,2,2026-03-24 18:25:09.917423+00:00,2
60,3,2026-03-24 18:25:09.917423+00:00,2,2026-03-24 18:25:09.917423+00:00,2
61,4,2026-03-24 18:25:09.917423+00:00,2,2026-03-24 18:25:09.917423+00:00,2
62,4,2026-03-24 18:25:09.917423+00:00,2,2026-03-24 18:25:09.917423+00:00,2
63,4,2026-03-24 18:25:09.917423+00:00,2,2026-03-24 18:25:09.917423+00:00,2
64,4,2026-03-24 18:25:09.917423+00:00,2,2026-03-24 18:25:09.917423+00:00,2
65,5,2026-03-24 18:25:09.917423+00:00,2,2026-03-24 18:25:09.917423+00:00,2
66,5,2026-03-24 18:25:09.917423+00:00,2,2026-03-24 18:25:09.917423+00:00,2
67,5,2026-03-24 18:25:09.917423+00:00,2,2026-03-24 18:25:09.917423+00:00,2
68,4,2026-03-24 18:25:09.917423+00:00,2,2026-03-24 18:25:09.917423+00:00,2
68,7,2026-03-24 18:25:09.917423+00:00,2,2026-03-24 18:25:09.917423+00:00,2
69,4,2026-03-24 18:25:09.917423+00:00,2,2026-03-24 18:25:09.917423+00:00,2
69,7,2026-03-24 18:25:09.917423+00:00,2,2026-03-24 18:25:09.917423+00:00,2
70,4,2026-03-24 18:25:09.917423+00:00,2,2026-03-24 18:25:09.917423+00:00,2
70,7,2026-03-24 18:25:09.917423+00:00,2,2026-03-24 18:25:09.917423+00:00,2
71,7,2026-03-24 18:25:09.917423+00:00,2,2026-03-24 18:25:09.917423+00:00,2
71,4,2026-03-24 18:25:09.917423+00:00,2,2026-03-24 18:25:09.917423+00:00,2
72,3,2026-03-24 18:25:09.917423+00:00,2,2026-03-24 18:25:09.917423+00:00,2
72,8,2026-03-24 18:25:09.917423+00:00,2,2026-03-24 18:25:09.917423+00:00,2
72,9,2026-03-24 18:25:09.917423+00:00,2,2026-03-24 18:25:09.917423+00:00,2
73,4,2026-03-24 18:25:09.917423+00:00,2,2026-03-24 18:25:09.917423+00:00,2
73,10,2026-03-24 18:25:09.917423+00:00,2,2026-03-24 18:25:09.917423+00:00,2
73,7,2026-03-24 18:25:09.917423+00:00,2,2026-03-24 18:25:09.917423+00:00,2
74,4,2026-03-24 18:25:09.917423+00:00,2,2026-03-24 18:25:09.917423+00:00,2
75,7,2026-03-24 18:25:09.917423+00:00,2,2026-03-24 18:25:09.917423+00:00,2
75,6,2026-03-24 18:25:09.917423+00:00,2,2026-03-24 18:25:09.917423+00:00,2
75,4,2026-03-24 18:25:09.917423+00:00,2,2026-03-24 18:25:09.917423+00:00,2
