theme_id,scenario_id,created_at,created_by,updated_at,updated_by
1,41,2026-03-24 18:25:09.917423+00:00,2,2026-03-24 18:25:09.917423+00:00,2
1,17,2026-03-01 22:32:05.733095+00:00,2,2026-03-14 22:18:34.503785+00:00,2
1,16,2026-03-01 22:32:05.733095+00:00,2,2026-03-14 22:18:34.503785+00:00,2
1,15,2026-03-01 22:32:05.733095+00:00,2,2026-03-14 22:18:34.503785+00:00,2
1,65,2026-03-24 18:25:09.917423+00:00,2,2026-03-24 18:25:09.917423+00:00,2
1,42,2026-03-24 18:25:09.917423+00:00,2,2026-03-24 18:25:09.917423+00:00,2
1,66,2026-03-24 18:25:09.917423+00:00,2,2026-03-24 18:25:09.917423+00:00,2
1,43,2026-03-24 18:25:09.917423+00:00,2,2026-03-24 18:25:09.917423+00:00,2
1,67,2026-03-24 18:25:09.917423+00:00,2,2026-03-24 18:25:09.917423+00:00,2
2,6,2026-03-01 22:32:05.733095+00:00,2,2026-03-14 22:18:34.503785+00:00,2
2,7,2026-03-01 22:32:05.733095+00:00,2,2026-03-14 22:18:34.503785+00:00,2
2,58,2026-03-24 18:25:09.917423+00:00,2,2026-03-24 18:25:09.917423+00:00,2
2,52,2026-03-24 18:25:09.917423+00:00,2,2026-03-24 18:25:09.917423+00:00,2
2,9,2026-03-01 22:32:05.733095+00:00,2,2026-03-14 22:18:34.503785+00:00,2
2,8,2026-03-01 22:32:05.733095+00:00,2,2026-03-14 22:18:34.503785+00:00,2
2,35,2026-03-24 18:25:09.917423+00:00,2,2026-03-24 18:25:09.917423+00:00,2
2,59,2026-03-24 18:25:09.917423+00:00,2,2026-03-24 18:25:09.917423+00:00,2
2,33,2026-03-24 18:25:09.917423+00:00,2,2026-03-24 18:25:09.917423+00:00,2
2,57,2026-03-24 18:25:09.917423+00:00,2,2026-03-24 18:25:09.917423+00:00,2
2,36,2026-03-24 18:25:09.917423+00:00,2,2026-03-24 18:25:09.917423+00:00,2
2,60,2026-03-24 18:25:09.917423+00:00,2,2026-03-24 18:25:09.917423+00:00,2
2,34,2026-03-24 18:25:09.917423+00:00,2,2026-03-24 18:25:09.917423+00:00,2
2,1,2026-03-01 22:32:05.733095+00:00,2,2026-03-14 22:18:34.503785+00:00,2
2,28,2026-03-24 18:25:09.917423+00:00,2,2026-03-24 18:25:09.917423+00:00,2
3,37,2026-03-24 18:25:09.917423+00:00,2,2026-03-24 18:25:09.917423+00:00,2
3,11,2026-03-01 22:32:05.733095+00:00,2,2026-03-14 22:18:34.503785+00:00,2
3,12,2026-03-01 22:32:05.733095+00:00,2,2026-03-14 22:18:34.503785+00:00,2
3,13,2026-03-01 22:32:05.733095+00:00,2,2026-03-14 22:18:34.503785+00:00,2
3,14,2026-03-01 22:32:05.733095+00:00,2,2026-03-14 22:18:34.503785+00:00,2
3,63,2026-03-24 18:25:09.917423+00:00,2,2026-03-24 18:25:09.917423+00:00,2
3,40,2026-03-24 18:25:09.917423+00:00,2,2026-03-24 18:25:09.917423+00:00,2
3,64,2026-03-24 18:25:09.917423+00:00,2,2026-03-24 18:25:09.917423+00:00,2
3,74,2026-03-24 18:25:09.917423+00:00,2,2026-03-24 18:25:09.917423+00:00,2
3,50,2026-03-24 18:25:09.917423+00:00,2,2026-03-24 18:25:09.917423+00:00,2
3,39,2026-03-24 18:25:09.917423+00:00,2,2026-03-24 18:25:09.917423+00:00,2
3,62,2026-03-24 18:25:09.917423+00:00,2,2026-03-24 18:25:09.917423+00:00,2
3,38,2026-03-24 18:25:09.917423+00:00,2,2026-03-24 18:25:09.917423+00:00,2
3,61,2026-03-24 18:25:09.917423+00:00,2,2026-03-24 18:25:09.917423+00:00,2
3,24,2026-03-01 22:32:05.733095+00:00,2,2026-03-14 22:18:34.503785+00:00,2
3,10,2026-03-01 22:32:05.733095+00:00,2,2026-03-14 22:18:34.503785+00:00,2
4,75,2026-03-24 18:25:09.917423+00:00,2,2026-03-24 18:25:09.917423+00:00,2
4,9,2026-03-01 22:32:05.733095+00:00,2,2026-03-14 22:18:34.503785+00:00,2
4,11,2026-03-01 22:32:05.733095+00:00,2,2026-03-14 22:18:34.503785+00:00,2
4,18,2026-03-01 22:32:05.733095+00:00,2,2026-03-14 22:18:34.503785+00:00,2
4,19,2026-03-01 22:32:05.733095+00:00,2,2026-03-14 22:18:34.503785+00:00,2
4,20,2026-03-01 22:32:05.733095+00:00,2,2026-03-14 22:18:34.503785+00:00,2
4,21,2026-03-01 22:32:05.733095+00:00,2,2026-03-14 22:18:34.503785+00:00,2
4,22,2026-03-01 22:32:05.733095+00:00,2,2026-03-14 22:18:34.503785+00:00,2
4,23,2026-03-01 22:32:05.733095+00:00,2,2026-03-14 22:18:34.503785+00:00,2
4,25,2026-03-01 22:32:05.733095+00:00,2,2026-03-14 22:18:34.503785+00:00,2
4,36,2026-03-24 18:25:09.917423+00:00,2,2026-03-24 18:25:09.917423+00:00,2
4,60,2026-03-24 18:25:09.917423+00:00,2,2026-03-24 18:25:09.917423+00:00,2
4,37,2026-03-24 18:25:09.917423+00:00,2,2026-03-24 18:25:09.917423+00:00,2
4,61,2026-03-24 18:25:09.917423+00:00,2,2026-03-24 18:25:09.917423+00:00,2
4,68,2026-03-24 18:25:09.917423+00:00,2,2026-03-24 18:25:09.917423+00:00,2
4,45,2026-03-24 18:25:09.917423+00:00,2,2026-03-24 18:25:09.917423+00:00,2
4,69,2026-03-24 18:25:09.917423+00:00,2,2026-03-24 18:25:09.917423+00:00,2
4,46,2026-03-24 18:25:09.917423+00:00,2,2026-03-24 18:25:09.917423+00:00,2
4,70,2026-03-24 18:25:09.917423+00:00,2,2026-03-24 18:25:09.917423+00:00,2
4,47,2026-03-24 18:25:09.917423+00:00,2,2026-03-24 18:25:09.917423+00:00,2
4,71,2026-03-24 18:25:09.917423+00:00,2,2026-03-24 18:25:09.917423+00:00,2
4,48,2026-03-24 18:25:09.917423+00:00,2,2026-03-24 18:25:09.917423+00:00,2
4,72,2026-03-24 18:25:09.917423+00:00,2,2026-03-24 18:25:09.917423+00:00,2
4,49,2026-03-24 18:25:09.917423+00:00,2,2026-03-24 18:25:09.917423+00:00,2
4,73,2026-03-24 18:25:09.917423+00:00,2,2026-03-24 18:25:09.917423+00:00,2
4,51,2026-03-24 18:25:09.917423+00:00,2,2026-03-24 18:25:09.917423+00:00,2
4,44,2026-03-24 18:25:09.917423+00:00,2,2026-03-24 18:25:09.917423+00:00,2
6,5,2026-03-01 22:32:05.733095+00:00,2,2026-03-14 22:18:34.503785+00:00,2
6,4,2026-03-01 22:32:05.733095+00:00,2,2026-03-14 22:18:34.503785+00:00,2
6,3,2026-03-01 22:32:05.733095+00:00,2,2026-03-14 22:18:34.503785+00:00,2
6,2,2026-03-01 22:32:05.733095+00:00,2,2026-03-14 22:18:34.503785+00:00,2
6,56,2026-03-24 18:25:09.917423+00:00,2,2026-03-24 18:25:09.917423+00:00,2
6,32,2026-03-24 18:25:09.917423+00:00,2,2026-03-24 18:25:09.917423+00:00,2
6,55,2026-03-24 18:25:09.917423+00:00,2,2026-03-24 18:25:09.917423+00:00,2
6,31,2026-03-24 18:25:09.917423+00:00,2,2026-03-24 18:25:09.917423+00:00,2
6,54,2026-03-24 18:25:09.917423+00:00,2,2026-03-24 18:25:09.917423+00:00,2
6,30,2026-03-24 18:25:09.917423+00:00,2,2026-03-24 18:25:09.917423+00:00,2
6,53,2026-03-24 18:25:09.917423+00:00,2,2026-03-24 18:25:09.917423+00:00,2
6,29,2026-03-24 18:25:09.917423+00:00,2,2026-03-24 18:25:09.917423+00:00,2
